49110|Personenbeförderung im Eisenbahnverkehr
49110|Personenbeförderung mit Schienenfahrzeugen auf Hauptstrecken des Schienenfernverkehrs
49110|Betrieb von Schlafwagen und Speisewagen als Teil der Tätigkeit eines Bahnunternehmens
49110|Personenbeförderung mit der Eisenbahn für Ausflüge und Besichtigungen von Sehenswürdigkeiten
49120|Sonstige Personenbeförderung im Schienenverkehr
49120|Personenbeförderung mit U-Bahnen, Hochbahnen, S-Bahnen und Straßenbahnen
49120|Personenbeförderung im Straßenbahnverkehr für Ausflüge und Besichtigungen von Sehenswürdigkeiten
49200|Güterbeförderung im Schienenverkehr
49200|Güterbeförderung mit Schienenfahrzeugen auf Hauptverkehrsnetzen und auf Nebenstrecken des Frachtverkehrs
49200|Güterbeförderung mit Standseilbahnen
49200|Traktionsdienste (Bereitstellung von Triebfahrzeugen und Triebfahrzeugführern)
49310|Personenbeförderung im Linienverkehr auf der Straße
49310|Linienverkehr zur Beförderung von Fahrgästen im Orts-, Nah und Fernverkehr auf der Straße, z. B. mit Omnibussen, Reisebussen, Oberleitungsbussen oder Kleinbussen. Die Beförderung erfolgt auf festgelegten Strecken, nach einem festem Fahrplan, wobei die Fahrgäste an festgelegten Haltestellen zu- oder aussteigen können.
49310|Betrieb von Schulbussen und Bussen zur Beförderung von Arbeitnehmern
49310|Personenbeförderung im Linienverkehr auf der Straße für Ausflüge und Besichtigungen von Sehenswürdigkeiten
49320|Personenbeförderung im Gelegenheitsverkehr auf der Straße
49320|Gelegenheitsverkehr zur Beförderung von Fahrgästen im Orts-, Nah- und Fernverkehr auf der Straße in Fahrzeugen mit 10 oder mehr Personen. Dazu gehört die Beförderung mit Omnibussen, Reisebussen, Oberleitungsbussen oder Kleinbussen.
49330|Personenbeförderung mit Fahrzeug mit Fahrer auf Abruf
49330|Diese Unterklasse umfasst die Personenbeförderung in Fahrzeugen mit einem Fahrer auf Abruf für die Beförderung von bis zu 9 Personen:
49330|Taxidienste
49330|private Mietfahrzeuge mit Fahrer
49330|Motorrad-Taxidienste
49340|Personenbeförderung mit Seilbahnen und Skiliften
49340|Personenbeförderung mit Seilbahnen, Skiliften und Sesselliften, welche die Präparierung von Skipisten beinhalten kann
49340|Personenbeförderung mit Aufzügen
49340|Güterbeförderung mit Seilbahnen
49390|Sonstige Personenbeförderung im Landverkehr a.n.g.
49390|Fahrradtaxidienste
49390|Personenbeförderung im Straßenverkehr mit von Menschen oder Tieren gezogenen Fahrzeugen
49410|Güterbeförderung im Straßenverkehr
49410|sämtliche Tätigkeiten der Güterbeförderung im Straßenverkehr:
49410|Holztransport
49410|Viehtransport
49410|Kühlwagentransport
49410|Schwertransport
49410|Großtransporte,Tankwagentransporte einschließlich Milchsammlung, Transport mit Silofahrzeugen
49410|Transport von Kraftwagen
49410|Transport von Abfällen und Abfallstoffen (ohne Sammlung und Beseitigung)
49410|Straßentransport von Gütern im Auftrag von Post- oder Kurierdiensten, ohne andere Post- oder Kuriertätigkeiten auszuüben
49410|Straßentransport von Gegenständen zwischen verschiedenen Einheiten, z. B. Gebäuden, Lagerräumen, im Lohnauftrag
49410|Vermietung von Lastkraftwagen mit Fahrer
49410|Güterbeförderung auf der Straße mit von Menschen oder Tieren gezogenen Fahrzeugen
49410|Vermietung von Betonmischer-LKWs, mit Fahrer
49410|Lieferung von Möbeln (kann Auspacken und Aufstellen beinhalten)
49420|Umzugstransporte
49420|Umzugstransporte für Unternehmen und Haushalte im Straßenverkehr
49420|Leasing von Umzugsfahrzeugen mit Fahrer
49420|Lagerung von Möbeln im Rahmen eines Umzugtransports
49500|Transport in Rohrfernleitungen
49500|Transport von Gas, Flüssigkeiten, Wasser, Gülle und anderen Gütern über Rohrfernleitungen
49500|Transport von Erdgas in Rohrfernleitungen von den Verarbeitungsanlagen zu den lokalen Verteilernetzen
49500|Betrieb von Pumpstationen für den Transport in Rohrfernleitungen
50100|Personenbeförderung in der Hochsee- und Küstenschifffahrt
50100|Personenbeförderung in der Hochsee- und Küstenschifffahrt, im Linien- oder Gelegenheitsverkehr:
50100|Betrieb von Ausflugs-, Besichtigungs- und Kreuzfahrtschiffen
50100|Betrieb von Fähren, Wassertaxis usw.
50100|Betrieb von sonstigen Personenbeförderungsmitteln in der Hochsee- und Küstenschifffahrt
50100|Vermietung von Vergnügungsschiffen mit Besatzung für die Hochsee- und Küstenschifffahrt (z. B. für Fischfangkreuzfahrten)
50100|Fährtransporte von Personen mit oder ohne Fahrzeug, in der Hochsee- und Küstenschifffahrt
50200|Güterbeförderung in der Hochsee- und Küstenschifffahrt
50200|Güterbeförderung in der Hochsee- und Küstenschifffahrt, im Linien- oder Gelegenheitsverkehr
50200|Betrieb von Schlepp- und Schubschiffen, Bohrinseln usw.
50200|Vermietung von Schiffen mit Besatzung für die Güterbeförderung in der Hochsee- und Küstenschifffahrt
50200|Fährtransport von Fahrzeugen ohne Fahrer
50300|Personenbeförderung in der Binnenschifffahrt
50300|Personenbeförderung auf Flüssen, Kanälen, Seen und anderen Binnengewässern, sowie innerhalb von Häfen
50300|Vermietung von Vergnügungsschiffen mit Besatzung für die Binnenschifffahrt
50300|Betrieb von Ausflugs- und Besichtigungsbooten auf Binnenwasserstraßen
50300|Fährtransporte von Personen mit oder ohne Fahrzeug, in der Binnenschifffahrt
50400|Güterbeförderung in der Binnenschifffahrt
50400|Güterbeförderung auf Flüssen, Kanälen, Seen und anderen Binnengewässern sowie innerhalb von Häfen
50400|Güterbeförderung auf Binnenwasserstraßen mit Schiffen, die nicht für die Hochsee- oder Küstenschifffahrt geeignet sind
50400|Vermietung von Schiffen mit Besatzung für die Güterbeförderung in der Binnenschifffahrt
51100|Personenbeförderung in der Luftfahrt
51100|Personenbeförderung im Linienflugverkehr
51100|Charterflüge für Personen
51100|Rundflüge
51100|Diese Unterklasse umfasst ferner:
51100|Vermietung von Luftfahrzeugen mit Bedienungspersonal zur Personenbeförderung
51210|Güterbeförderung in der Luftfahrt
51210|Güterbeförderung im Linien- oder Gelegenheitsflugverkehr
51210|Vermietung von Luftfahrzeugen mit Bedienungspersonal zur Güterbeförderung
51220|Raumtransport
51220|Starten von Satelliten und Raumfahrzeugen
51220|Personen- und Güterbeförderung in der Raumfahrt
52101|Erdöl- und Erdgaslagerei
52101|Erdöl- und Erdgaslagerei
52109|Sonstige Lagerei
52109|Betrieb von Lagereinrichtungen für alle Arten von Gütern
52109|Betrieb von Getreidesilos
52109|Lagerhäuser
52109|Kühlhäuser
52109|Lagertanks usw.
52109|Lagerung von Möbeln, die nicht Teil eines Umzugs sind
52109|Lagerung von Waren in ausländischen Handelszonen
52109|Schockgefrieren in Verbindung mit Lagerei
52109|Lagerung von physischen Archiven und Papierunterlagen
52211|Parkhäuser und Parkgaragen
52211|Betrieb von Parkplätzen oder Parkhäusern, Fahrradabstellplätzen, Winterstellplätzen für Wohnwagen
52212|Mautstraßen
52212|Tätigkeiten im Zusammenhang mit der Beförderung von Personen, Tieren oder Gütern auf der Straße und auf sonstigen Landwegen:
52212|Betrieb von Straßen, Brücken und Tunneln, einschließlich Tätigkeiten des Winterdienstes
52212|Mauteinhebungsdienste
52213|Betrieb von Eisenbahninfrastruktur
52213|Tätigkeiten im Zusammenhang mit der Beförderung von Personen, Tieren oder Gütern im Schienenverkehr:
52213|Betrieb von Abfertigungseinrichtungen wie Bahnhöfe, Güterumschlagsanlagen auf Bahnhöfen
52213|Betrieb von Eisenbahninfrastruktur und Einrichtungen des Schienverkehrs, Frachtterminals, technischen Sicherungsposten, Eisenbahntankstellen
52213|Weichenstellen und Rangieren
52219|Erbringung von sonstigen Dienstleistungen für den Landverkehr a.n.g.
52219|Tätigkeiten im Zusammenhang mit der Beförderung von Personen, Tieren oder Gütern auf der Straße und auf sonstigen Landwegen:
52219|Betrieb von Abfertigungseinrichtungen wie Omnibusbahnhöfe, Güterumschlagsanlagen (außer auf Bahnhöfen)
52219|Abschlepp- und Pannendienste
52219|Frachtvermessungstätigkeiten für den LKW-Transport
52219|Verflüssigung und/oder Wiederverdampfung von Erdgas zu Transportzwecken im Landverkehr
52220|Erbringung von sonstigen Dienstleistungen für die Schifffahrt
52220|Unterstützungstätigkeiten für die Beförderung von Personen, Tieren und Gütern zu Wasser:
52220|Betrieb von Abfertigungseinrichtungen, z.B. Häfen und Anlegestellen
52220|Betrieb von Schleusen usw.
52220|Navigation, Lotsendienst, sowie Schlepp-, Fest- und Losmachdienste
52220|Bunkerung und Aufnahme von Hafenabfällen
52220|Leichterung und Bergung
52220|Betrieb von Leuchttürmen
52220|Seefrachtvermessungstätigkeiten
52220|Informationsdienste für Wasserstraßen
52220|Wintereinlagerung von Schiffen und Booten
52220|Gewährleistung der Sicherheit bei Wartungsarbeiten an der Infrastruktur von Wasserstraßen
52220|Verflüssigung und Wiederverdampfung von Erdgas zum Zwecke des Wassertransports außerhalb der Förderstätte
52230|Erbringung von sonstigen Dienstleistungen für die Luftfahrt
52230|Unterstützungstätigkeiten für die Beförderung von Personen, Tieren und Gütern in der Luft:
52230|Betrieb von Flugabfertigungseinrichtungen, z.B. Flughafenterminals
52230|Flughafenkontrolle, Regelung und Überwachung des Flugverkehrs
52230|Bodendienste auf Flughäfen usw.
52230|Gewährleistung der Sicherheit bei Wartungsarbeiten an der Flughafeninfrastruktur
52230|Lagerung von Flugzeugen
52230|Feuerwehren und Brandverhütungsdienste auf Flughäfen
52240|Frachtumschlag
52240|Be- und Entladen von Gütern und Gepäck unabhängig von der Art des benutzten Beförderungsmittels
52240|Stauerei
52240|Be- und Entladen von Güterwaggons
52240|Vermietung und Leasing von Transtainern oder Drehkränen mit Bedienungspersonal für den Frachtumschlag
52240|Transport von Gütern auf Industriegelände, typischerweise mit Transportmitteln, die nicht für den Einsatz auf öffentlichen Straßen geeignet sind
52250|Erbringung von Logistikdienstleistungen
52250|Tätigkeiten von Verteilungszentren
52250|Abholung von Gütern und Zusammenstellung für den Versand
52250|Warenumschlag, z. B. vorübergehendes Verladen und Verpacken von Gütern in Kisten zum Zwecke der Lagerung oder zum Schutz während des Transports, Auspacken, Probeentnahme, Abwiegen von Gütern
52260|Erbringung von sonstigen Dienstleistungen für den Verkehr
52260|Ausstellung und Beschaffung von Transportdokumenten und Begleitpapieren
52260|Zollspedition(en)
52260|Organisation von multimodalen und kombinierten Transportleistungen zu Land (Schienen- und Straßenverkehr), zu Wasser oder in der Luft (intermodaler Transport) im Auftrag der Spedition oder des Empfängers
52260|Organisation und Güterversendungen von Sammel- und Einzelsendungen im Auftrag des Kunden
52310|Vermittlungstätigkeiten für die Güterbeförderung
52310|Diese Unterklasse umfasst die Vermittlung von Güterbeförderungen, indem Kunden und Dienstleistungsanbieter gegen Gebühr oder auf Provisionsbasis zusammengebracht werden, wobei der Vermittler die vermittelten Güterbeförderungsleistungen nicht selbst erbringt. Diese Vermittlungstätigkeiten können auf digitalen Plattformen oder über nicht-digitale Kanäle (persönlich, einschließlich von Tür zu Tür, telefonisch, per Post usw.) durchgeführt werden. Der Vermittler erhält die Gebühr oder Provision entweder vom Kunden oder vom Anbieter der Güterbeförderungsleistung. Einnahmen aus der Vermittlungstätigkeit können auch andere Einkommensquellen umfassen, z. B. Einnahmen aus dem Verkauf von Werbeflächen.
52310|Vermittlung von Eisenbahn-, Schiffs- und Flugzeugfrachtkapazität
52310|Betrieb von Plattformen für die Vermittlung von Güterbeförderungsleistungen
52320|Vermittlungstätigkeiten für die Personenbeförderung
52320|Diese Unterklasse umfasst die Vermittlung von Personenbeförderungen, indem Kunden und Dienstleistungsanbieter gegen Gebühr oder auf Provisionsbasis zusammengebracht werden, wobei der Vermittler die vermittelten Personenbeförderungsleistungen nicht selbst erbringt. Diese Vermittlungstätigkeiten können auf digitalen Plattformen oder über nicht-digitale Kanäle (persönlich, einschließlich von Tür zu Tür, telefonisch, per Post usw.) durchgeführt werden. Der Vermittler erhält die Gebühr oder Provision entweder vom Kunden oder vom Anbieter der Personenbeförderungsleistung. Einnahmen aus der Vermittlungstätigkeit können auch andere Einkommensquellen umfassen, z. B. Einnahmen aus dem Verkauf von Werbeflächen.
52320|Betrieb von Online-Mitfahrzentralen, die es Fahrgästen ermöglichen, eine Fahrt zu buchen
52320|Erbringung von Vermittlungsdiensten für den Kauf von Land-, Wasser- oder Lufttransporten für Fahrgäste
52320|Erbringung von Vermittlungsdiensten für Passagiersitzplätze in Schiffen und Flugzeugen
52320|Vermittlung von Beförderungen durch Taxifunkdienste, ohne Beförderungsleistung
52320|gebührenpflichtige Reservierungsdienste für die Personenbeförderung
53100|Postdienste von Universaldienstleistungsanbietern
53100|Diese Unterklasse umfasst die Erbringung von Postdienstleistungen, die im Rahmen einer Universaldienstverpflichtung von einem oder mehreren benannten Universaldienstanbietern durchgeführt werden. Die Tätigkeiten umfassen die Nutzung einer umfassenden Dienstleistungsinfrastruktur, einschließlich Einzelhandelsverkaufsstellen, Anlagen zum Sortien und Verarbeiten sowie Abhol- und Zustellrouten der Post. Die Zustellung kann Briefpost, d. h. Briefe, Postkarten, Drucksachen (Zeitungen, Zeitschriften, Werbesendungen usw.), kleine Pakete, Waren oder Dokumente umfassen. Eingeschlossen sind auch andere Dienstleistungen, die für die Durchführung der Universaldienstverpflichtung erforderlich sind.
53100|Abholung, Sortierung, Beförderung und Zustellung (national oder international) von Briefpost und (briefähnlichen) Päckchen und Paketen durch Postdienste, die auf Grundlage einer Universaldienstverpflichtung tätig sind. Die Beförderung kann auf verschiedene Art und sowohl mit eigenen (privaten) Fahrzeugen oder mit öffentlichen Verkehrsmitteln durchgeführt werden.
53100|Einsammeln von Briefpost und Paketen aus öffentlichen Briefkästen oder in Postfilialen
53200|Sonstige Post-, Kurier- und Expressdienste
53200|Abholung, Sortierung, Beförderung und Zustellung (national oder international) von Briefpost und (postähnlichen) Päckchen und Paketen durch Unternehmen, die nicht auf Grundlage einer Universaldienstverpflichtung tätig sind. Die Beförderung kann auf verschiedene Art und sowohl mit eigenen (privaten) Fahrzeugen oder mit öffentlichen Verkehrsmitteln durchgeführt werden.
53200|Zustelldienste, einschließlich für Lebensmittel
53300|Vermittlungstätigkeiten für Post-, Kurier- und Expressdienstleistungen
53300|Diese Unterklasse umfasst die Vermittlung von Post- und Kurierdienstleistungen, indem Kunden und Dienstleistungsanbieter gegen Gebühr oder auf Provisionsbasis  zusammengebracht werden, wobei der Vermittler die vermittelten Post- und Kurierdienstleistungen nicht selbst erbringt. Diese Vermittlungstätigkeiten können auf digitalen Plattformen wie auch über nicht-digitale Kanäle (persönlich, einschließlich Tür zu Tür, telefonisch, per Post usw.) erfolgen. Der Vermittler erhält die Gebühr oder Provision entweder vom Kunden oder vom Anbieter der Post- und Kurierdienstleistung. Einnahmen aus der Vermittlungstätigkeit können auch andere Einkommensquellen umfassen, z. B. Einnahmen aus dem Verkauf von Werbeflächen.
53300|alle Vermittlungsdienste, die von Dritten für den/die Zugangspunkt(e) des Postdienstleisters erbracht und Geschäfts- und Privatkunden angeboten werden
53300|Betrieb von Online-Plattformen, die es Kunden ermöglichen, eine Lebensmittellieferung zu bestellen
55101|Hotels
55101|Diese Unterklasse umfasst die meist kurzzeitige (tage- oder wochenweise) Beherbergung von Gästen. Sie umfasst die Unterbringung in möblierten Unterkünften wie Hotelzimmern und -suiten. Zu den angebotenen Dienstleistungen gehören tägliche Reinigung und Bettenmachen. Eine Reihe zusätzlicher Dienstleistungen können ebenfalls angeboten werden, z. B. Gastronomie, Wäscherei, Freizeiteinrichtungen sowie Konferenz- und Versammlungsräume. Diese Tätigkeiten zeichnen sich im Allgemeinen durch die Bereitstellung einer Kundenbetreuung vor Ort aus.
55101|Diese Unterklasse umfasst die Unterbringung in:
55101|Hotels
55101|Ferienhotels
55101|Suiten/Appartementhotels
55102|Gasthöfe und Pensionen
55102|Diese Unterklasse umfasst die meist kurzzeitige (tage- oder wochenweise) Beherbergung von Gästen.  Zu den angebotenen Dienstleistungen gehören tägliche Reinigung und Bettenmachen. Eine Reihe zusätzlicher Dienstleistungen können ebenfalls angeboten werden, z. B. Gastronomie, Wäscherei, Freizeiteinrichtungen sowie Konferenz- und Versammlungsräume. Diese Tätigkeiten zeichnen sich im Allgemeinen durch die Bereitstellung einer Kundenbetreuung vor Ort aus.
55102|Diese Unterklasse umfasst die Unterbringung in:
55102|Gasthöfen und Pensionen
55201|Jugendherbergen und Schutzhütten
55201|Diese Unterklasse umfasst die Bereitstellung von kurzzeitigen Unterkünften, in der Regel auf Tages- oder Wochenbasis, in abgeschlossenen möblierten Zimmern oder Bereichen zum Wohnen/Essen und Schlafen. In der Regel wird keine Kundenbetreuung vor Ort und, wenn überhaupt, nur minimale ergänzende Dienstleistungen angeboten.
55201|Diese Unterklasse umfasst die Unterbringung in z. B:
55201|Herbergen
55201|Berghütten
55202|Ferienhäuser und Ferienwohnungen
55202|Diese Unterklasse umfasst die Bereitstellung von kurzzeitigen Unterkünften, in der Regel auf Tages- oder Wochenbasis, in abgeschlossenen möblierten Zimmern oder Bereichen zum Wohnen/Essen und Schlafen. In der Regel wird keine Kundenbetreuung vor Ort und, wenn überhaupt, nur minimale ergänzende Dienstleistungen angeboten.
55202|Diese Unterklasse umfasst die Unterbringung in z. B:
55202|Häusern und Wohnungen für den Urlaub
55202|Gästewohnungen und Bungalows
55202|Ferienhäuser und -hütten ohne Reinigungsdienstleistungen
55202|Bed-and-Breakfast-Einheiten
55202|Gästezimmer, die von privaten Haushalten zur Verfügung gestellt werden
55300|Campingplätze
55300|Bereitstellung von kurzzeitigen Unterkünften auf Campingplätzen, z. B. in Freizeitcamps, Camps für Fischer und Jäger
55300|Bereitstellung von Stellplätzen und Einrichtungen für Wohnmobile
55300|Glamping-Unterkünfte, d.h.luxuriöse Unterkünfte in der Natur
55300|Unterkünfte in Schutzhütten oder einfachen Biwakeinrichtungen
55400|Vermittlungstätigkeiten für Beherbergungsdienstleistungen
55400|Diese Unterklasse umfasst die Vermittlung aller Arten von Unterkünften, indem Kunden und Dienstleistungsanbieter gegen eine Gebühr oder auf Provisionsbasis zusammengebracht werden. Diese Vermittlungstätigkeiten können auf digitalen Plattformen, wie auch über nicht-digitale Kanäle (Telefon, Post usw.) erfolgen. Der Vermittler erhält die Gebühr oder Provision entweder vom Kunden oder vom Anbieter der Unterkunft. Einnahmen aus der Vermittlungstätigkeit können auch andere Einnahmequellen umfassen, z. B. Einnahmen aus dem Verkauf von Werbeflächen.
55400|Erbringung von Dienstleistungen für den temporären Tausch von Wohnrechten
55400|Reservierungsdienstleistungen für Unterkünfte
55900|Sonstige Beherbergungsstätten
55900|Diese Unterklasse umfasst die Bereitstellung von vorübergehenden Unterkünften in Häusern, Wohnungen oder Appartements, sowie von Einzel- oder Gemeinschaftszimmern oder Wohnheimen für Studenten, Saisonarbeiter und andere Personen.
55900|Diese Unterklasse umfasst die Unterbringung in:
55900|Häusern und möblierten oder unmöblierten Wohnungen und Appartements für einen Zeitraum von weniger als einem Jahr
55900|Arbeitnehmerwohnheimen
55900|Boardinghouses
55900|Studentenwohnheimen, die jeweils für einen Zeitraum von weniger als einem Jahr zur Verfügung gestellt werden
55900|Eisenbahnschlafwagen, wenn sie nicht von einer Eisenbahngesellschaft betrieben werden
55900|Vermittlung oder Verkauf einer Kombination von Unterkunft, Reise und Verpflegung, d. h. Reisebüros und Reiseveranstalter, siehe 79.11-0, 79.12-0
56111|Restaurants und Gaststätten
56111|Hierher gehört das Anbieten von Speisen an Kunden, die entweder sitzend bedient werden oder sich an einem Büffet selbst bedienen, unabhängig davon, ob sie die Speisen an Ort und Stelle verzehren oder mitnehmen.
56111|Restaurants
56111|Rasthäuser
56111|Bahnhofsgaststätten
56111|Gasthäuser
56111|Pizzerias
56111|China-Restaurants
56111|Fastfood Restaurants
56111|Selbstbedienungslokale
56111|Betrieb von Restaurants auf Transportmitteln und in Transporteinrichtungen, sofern sie von separaten Einheiten betrieben werden, die nicht Teil des Transportunternehmens sind
56111|Betrieb von Restaurants in einem Hotel, sofern sie von separaten Einheiten betrieben werden, die nicht Teil des Hotels sind
56111|Betrieb von Take-away-Restaurants in einem Supermarkt, sofern sie von separaten Einheiten betrieben werden, die nicht Teil des Supermarktes sind
56112|Buffets und Imbissstuben
56112|Hierher gehört das Anbieten von Speisen an Kunden, die entweder sitzend bedient werden oder sich an einem Büffet selbst bedienen, unabhängig davon, ob sie die Speisen an Ort und Stelle verzehren oder mitnehmen. Eingeschlossen sind die Zubereitung und das Servieren von Speisen zum sofortigen Verzehr aus Kraftfahrzeugen oder nicht motorisierten Wagen heraus.
56112|Imbissbuden
56112|Imbissstuben
56112|Jausenstationen
56112|Heurigenbuffets
56112|Betriebe, die Speisen und Getränke zum Mitnehmen verkaufen
56112|Snackhäuser
56112|Zubereitung von Speisen in Marktständen
56113|Cafehäuser
56113|Hierher gehört das Anbieten von Kaffee, Kuchen und anderen Speisen und Getränken an Kunden, mit oder ohne Bedienung, unabhängig davon, ob sie die Speisen an Ort und Stelle verzehren oder mitnehmen.
56113|Cafehäuser
56113|Cafe-Konditoreien
56113|Espressi
56114|Eissalons
56114|Hierher gehört das Anbieten von Speiseeis an Kunden, die dieses entweder an Ort und Stelle verzehren oder mitnehmen. Eingeschlossen sind die Zubereitung und das Servieren von Eis zum sofortigen Verzehr aus Kraftfahrzeugen oder nicht motorisierten Wagen heraus.
56114|Eisdielen und Eissalons
56120|Diese Unterklasse umfasst die Zubereitung und das Servieren von Speisen zum sofortigen Verzehr aus fahrbaren oder tragbaren Wagen und Ständen.
56120|Diese Unterklasse umfasst die Tätigkeiten mobiler Anbieter von Speisen, einschließlich:
56120|Imbisswagen (Food Trucks)
56120|Essensverkäufer
56120|Eisverkaufswagen
56120|Essenszubereitung in Marktständen
56120|Snack-Verkäufer
56120|Verkäufer von gefrorenem Joghurt
56120|Pfannkuchenverkäufer/Palatschinkenverkäufer
56210|Event-Caterer
56210|Diese Unterklasse umfasst Bewirtungsleistungen auf Grundlage vertraglicher Vereinbarungen, für einen bestimmten Anlass an dem vom Kunden vorgegebenen Ort.
56220|Sonstige Caterer und Erbringung sonstiger Verpflegungsdienstleistungen
56220|Diese Unterklasse umfasst das Groß-Catering, d. h. die Zubereitung und Lieferung von Speisen auf Grundlage vertraglicher Vereinbarungen mit dem Kunden, für einen bestimmten Zeitraum. Eingeschlossen sind auch Verpflegungsleistungen auf Lizenzbasis, z. B. in Sport- und ähnlichen Einrichtungen. Die Speisen können direkt in den Geschäftsräumen oder am Betriebsgelände des Kunden oder in einer Produktionszentrale zubereitet werden.
56220|Tätigkeiten von Verpflegungsdienstleistern, z. B. für Verkehrsunternehmen
56220|Betrieb von Kantinen oder Cafeterias, z. B. in Fabriken, Büros, Krankenhäuser oder Schulen, auf Lizenzbasis
56300|Ausschank von Getränken
56300|Diese Unterklasse umfasst in erster Linie den Ausschank von Getränken zum unmittelbaren Verzehr an Ort und Stelle. Die Tätigkeiten können z. B. Live-Musik und Tanzveranstaltungen umfassen.
56300|Bars
56300|Cocktail-Lounges
56300|Kneipen
56300|Teestuben
56300|Fruchtsaftbars
56300|mobile Getränkeverkäufer
56300|Betrieb von Bars an Bord von Verkehrsmitteln, z. B. Zügen oder Schiffen, wenn sie von separaten Einheiten ausgeübt werden
56400|Vermittlungstätigkeiten für gastronomische Dienstleistungen
56400|Diese Unterklasse umfasst die Vermittlung von Essens- und Getränkedienstleistungen, indem Kunden und Dienstleistungsanbieter zusammengebtacht werden gegen Gebühr oder auf Provisionsbasis, wobei der Vermittler die vermittelten gastronomischen Dienstleistungen nicht selbst erbringt. Diese Vermittlungstätigkeiten können auf digitalen Plattformen oder über nicht digitale Kanäle (Persönlich, Telefon, per Post usw.) erfolgen. Der Vermittler erhält die Gebühr oder Provision entweder vom Kunden oder vom Anbieter der Essens- und Getränkedienstleistungen. Einnahmen aus der Vermittlungstätigkeit können auch andere Einkommensquellen umfassen, z. B. Einnahmen aus dem Verkauf von Werbeflächen.
56400|Reservierungsdienstleistungen für Restaurants
