49410|Güterbeförderung im Straßenverkehr von Briefen als Fracht, für Dritte
56112|Imbiss Verkauf von Pasta und Fertig Pinsa
55202|Vermietung von Ferienwohnungen
49410|Güterbeförderung
55202|meine Tätigkeit ist Vermietung von Ferienwohnungen
56113|Cafe
49410|Güterbeförderung auf der Straße, Frächterei
49410|Güterbeförderung auf der Straße, Frächterei
49340|Personenbeförderung mit Seilbahnen und Skiliften
55102|Beherbergung
56112|Jausenstation Bewirtung
55102|Hotelpension, als Pension geführt
55202|Ferienwohnung
55202|Appartements
55300|Campingplätze
55202|Vermietung von Ferienwohnungen im Rahmen UAB
55202|Vermietung von Apartements
55102|Hotelpension, als Pension geführt
53200|Kurierdienst,
55101|I55.1
56113|Kaffeehaus
52260|Spedition
49330|Taxi Dienste,
52211|Betrieb einer Tiefgarage
49330|Taxiverkehr
52250|Spedition, Logistk und Transport Österreich und weltweit
55101|Beherberung u. Gastronomie
49320|Personenbeförderung als Überkategorie mit 100 Prozent Umsatzanteil, davon Personenbeförderung mit Omnibus mit ca. 60 Prozent und Personenbeförderung mit Taxi auf Abruf und Krankentransporte mit ca. 40 Prozent
49330|ich habe mit 31.12.2024 mein Gewerbe gelöscht.
52211|Vermietung von Garagen und Carportplätzen für das Einstellen von KFZ und Wohnmobilen bzw. Vermietung von Lagerflächen für Unternehmer
49330|Taxiverkehr
52219|Transportbegleitung im Landverkehr
52260|Spedition
51100|Fluggesellschaft, Personenbeförderung
52260|sonstige dienstleistungen für den verkehr
52211|Vermietung von Parkflächen, kurzfristig
49330| Taxi
52260|52.26-0
49330|Taxiunternehmen
49330|Taxiverkehr
52250|Die Haupttätigkeit  ist die Erbringung von Logistikdienstleistungen (H 52.25) mit ca. 80% Anteil; die Nebentätigkeiten sind die Sonstige Lagerei (52.10.-9) mit 10% und der Großhandel mit pharmazeutischen Produkten (G 46.46-1) ebenfalls mit 10%
52250|Erbringung von Logistikdienstleistungen
49330|Taxiunternehmer, Taxifunkzentrale
49330|Taxiunternehmen
49330|Personenbeförderung mit Fahrzeug mit Fahrer auf Abruf
49330|Taxifahrer
52230|Tankstellenbetreuung Luftfahrzueugbetankung
49330|Taxiverkehr
52260|Spedition (nicht: Güterbeförderung)
49330|Personenbeförderung
56111|I 56.11-1
49330|Ich bitte Sie die Haupttätigkeit auf die Önace H 49.33.0 Personenbeförderung mit Fahrzeug mit Fahrer auf Abruf zu ändern, da wir ausschließlich im Gelegenheitsverkehr mit Fahrzeugen bis zu 9 Sitzplätzen  tätig sind und keinen Linienverkehr betreiben. Untergruppen sind Schulbusbetrieb im Gelegenheitsverkehr, Krankentransport ohne Sanitäter sowie Behindertentransport.
49330|Taxifahrer
52212|Mautstraße
52260|Spedition
49330|Personenbeförderung im Gelegenheitsflugverkehr
49330|Personenbeförderung mit Fahrzeug mit Fahrer auf Abruf
49330|Personenbeförderung
49330|Personenbeförderungsgewerbe mit Pkw - Taxi
49410|Güterbeförderung auf der Straße, Frächterei
52260|Spedition
52219|Tätigkeiten im Zusammenhang mit der Beförderung von Personen, Tieren oder Gütern auf der Straße und auf sonstigen Landwegen
49310|Bus- und Taxiunternehmen
49330|Personenbeförderungsgewerbe mit Pkw (Taxi)
49330|Personenbeförderung mit Fahrzeug mit Fahrer
52230|Dienstleistungen in der Luftfahrt
49330|Taxiverkehr
55202|Ferienwohnung
52211|Betrieb und Bewirtschaftung von Parkierungsanlagen
52260|Disposition
55102|Pension
49330|Taxiunternehmen
49330|Taxiverkehr
49330|Taxibetrieb
52260|Spedition
52260|Organisation von Straßentransporten innerhalb Europas (Landverkehre)
52250|Erbringung von Transport Logistik im Bereich Beton Transport
49410|Begleitungen
56112|Buffetbetrieb
49330|Taxi
55202|Privatzimmervermietung
49330|Taxiunternehmen
52260|Spedition, Transport - Güterverkehr
49330|Sehr geehrte Damen und Herren,

Ich bin ein Einperson-Unternehmen, die Haupttätigkeit ist Taxibetrieb ohne Lenker, Nebentätigkeit übe ich die Versicherungs-und Finanzierungsvermittlung aus.
49500|Transport von Rohöl in einer Pipeline
49330|Taxiverkehr
52260|Spedition (nicht: Güterbeförderung)
49200|Eisenbahn, Güterbeförderung
49330|Taxiverkehr
49310|Bitte unsere Hauptbranche ändern auf: 49.39-9-Sonstige Personenbeförderung im Landverkehr a.n.g. (ohne Seilbahnwirtschaft)
52260|Spedition (nicht: Güterbeförderung)
52250|Spedition, Transportlogistik
49330|Personenbeförderung mit Fahrzeug mit Fahrer auf Abruf
52260|Verkehr international und national,
49310|Linienverkehr
52211|Parkgarage
49330|teile ich Ihnen mit, dass meine Haupttätigkeit seit 01.Dezember 2023 in der Abhaltung meiner Freizeit in der Pension liegt. Ich habe mit 30.11.2023 alle meine bisherigen selbstständigen Berechtigungen zurück gelegt.
49330|Taxiverkehr
49330|Personenbeförderung
49420|Umzugstransporte
49410|Güterbeförderung auf der Straße, Frächterei
49330|Taxiverkehr
55101|Hotel und Gastronomie
51100|Pilotentätigkeit und Beratung, Flugplanung und diverse Vermittlungstätigkeit
49310|Kraftfahrlinienverkehr, Nahverkehr
52230|Bodendienste auf Flughäfen
49330|Taxiverkehr
49330|Personenbeförderung Taxi-Mietwagen branche
49330|Personenbeförderung mit Fahrzeug mit Fahrer auf Abruf
49330|Taxiunternehmen
49330|Taxiverkehr
52320|Vermittlungstätigkeiten für die Personenbeförderung
49420|Wie machen Umzüge
55202|Vermietung Ferienhaus in Verbindung mit Urlaub am Bauernhof
49330|Taxigewerbe 
49330|Taxiunternehmen
52260|Erbringung von sonstigen Dienstleistungen für den Verkehr
49330|Haupttätigkeit (wirtschaftlicher Schwerpunkt): Betrieb von Taxis (Personenbeförderung mit Fahrzeug mit Fahrer auf Abruf) - Anteil 80 %

49200|Güterbeförderung im Eisenbahnfernverkehr
49420|Umzüge und Transport
49330|Taxiverkehr
49330|Patiententransporte für die Sozialversicherungen
49330|Taxiverkehr
49320|Personenbeförderung im Gelegenheitsverkehr auf der Straße
53200|Zeitungszusteller
52230|Bodendienste auf Flughäfen
49330|Nicht linienmäßiges Personenbeförderungsgewerbe, Taxiverkehr
53200|Kleintransporte mit Paketzustellung
49330|Personenbeförderung
49330|Taxi
49330|Beförderugn von Patienten und Menschen mit besonderen Bedürfnissen
52310|Vermittlung von Dienstleistungen / Transport
49330|Personenbeförderungen
52310|Vermittlung von Transportdienstleistungen
Ich bin spezialisiert auf die Vermittlung von Transportdienstleistungen und agiere als Schnittstelle zwischen Kunden und Industrie- sowie Handelskunden. Dabei verfüge ich über keine eigenen LKWs, Equipment oder sonstige Transportmittel, sondern koordiniere ausschließlich die passende Dienstleistung gemäß den individuellen Anforderungen des Auftraggebers.
52260|Mit der Bestätigung von xx-xx-2020 wurde uns ÖNACE 52.29-0 korrekt zugeordnet. Bitte weiterhin verwenden.
49310|Personenbeförderung im Linienverkehr auf der Straße
49310|Personenbeförderung im Linienverkehr auf der Straße
49330|Personenbeförderung mittels Taxi
52260|Expressdienstleister
52109|Dienstleistung Lagerung, Übernahme von BIO Getreide %
49330|Fahrgastbeförderung/Fahrdienste
49310|49.31 Personenbeförderung im Linienverkehr auf der Straße
49330|Taxidienste
52260|Transportlogistik
52230|Lagerwirtschaft Flugverkehr
52260|Verzollungsagent für Expressdienstleister
52213|Erbringung von Eisenbahnverkehrsdienstleistungen aller Art
49320|Gelegenheitsverkehr im Bereich des Landverkehrs
49330|100% der wirtschaftlichen Tätigkeit erfolgt durch Krankenbeförderung. Das entspräche "Krankentransporte in Fahrzeugen ohne Sanitätspersonal und ohne lebensrettende Ausrüstung" mit PKW. Leider ist keine entsprechende Klassifizierung vorhanden. Wir ersuchen daher um eine manuelle Zubuchung.
52219|Grenzüberschreitender Güterverkehr mit 1 Lkw
52219|Begloeitservice
51210|Vercharterung von Luftfahrzeugen, Flugrettung
52260|Wir erbringen Dienstleistungen im Bereich der Zollabwicklung und tritt als Anmelder für verschiedene Zollverfahren auf, darunter die Überführung in ein Zolllager sowie Import- und Exportverfahren. Dabei vertritt sie Einführer und Ausführer und ist selbst nicht Eigentümer der Ware, sondern übernimmt ähnliche Aufgaben wie ein Spediteur oder Zollagent. Die Waren selbst befinden sich in Lagern innerhalb der EU, jedoch außerhalb Österreichs.
52260|Dienstleistungen im Bereich der Zollabwicklung
49330|Taxi Gewerbe
52260|Speditionstätigkeiten und Logistik
52211|Parkhäuser und Parkgaragen
49330|Personenbeförderung mit PKW
52240|Die Geschäftsbereiche gliedern sich in Terminal- und Depotleistungen und umfassen sowohl den Umschlag und die Lagerung von Containern, als auch verschiedene Serviceleistungen, wie beispielsweise Containerreparaturen. Darüber hinaus betreibt WienCont Handel mit und Vermietung von Büro-, Wohn-, Lager-, Sanitär-, Spezial- und Transportcontainern sowie Office-Lösungen.
52250|Logistik
52250|Erbringung von sonstigen Dienstleistungen für den Verkehr
55202|Ich hatte bis 24.12.2024 nur einen Handel in dem ich Wein und Getränke verkauft habe. Dieses Unternehmen habe ich als Kleingewerbe geführt. Nun habe ich ein Appartementhaus dazu eröffnet, führe nun den Handel und das Appartementhaus parallel als Einzelunternehmen.
49330|Taxi unternehmen
52109|Lagerung  von Obst
55201|Beherbergung und Gastronomie - Schutzhütte
49410|Güterbeförderung auf der Straße bis 3,5t hochzulässiges Gesamtgewicht
52260|Spedition (nicht: Güterbeförderung)
49320|Personenbeförderung im Gelegenheitsflugverkehr
52250|Erbringung von Transportdienstleistungen für den Verkehr
49310|Personenbeförderung im Gelegenheitsverkehr mit Fahrzeugen für 10 oder mehr Personen und Reisebüro   Postdienste werden nicht mehr betrieben
49330|Taxiverkehr
52260|Spedition 52.26-0
49110|Eisenbahn, Personenbeförderung im Fernverkehr
51210|Vermittlung von Luftfrachträumen
49410|Güterbeförderung auf der Straße, Frächterei
49330|Personenbeförderung Taxi
52260|Spedition und Lagerei
52260|Spedition
52260|Die Haupttätigkeit der BTG Spedition und Logistik GmbH ist jene einer Spedition (52.26-0). Bitte stellen Sie daher unsere Haupttätigkeit um. Die Nummer 52.25-0 ist nicht mehr erforderlich.
49200|Die Haupttätigkeit 49.20-0 trifft auf uns zu. Die Nebentätigkeit 52.26-0 trifft nicht auf uns zu. Bitte diese entfernen.
52260|Spedition (nicht: Güterbeförderung)
49330|Personenbeförderung mit Fahrzeug mit Fahrer auf Abruf
49330|Taxiverkehr
49330|Personenbeförderungsgewerbe, Handlungen, Geschäfte und Maßnahmen die zur Einrichtung des Gesellschaftszwecks förderlich sind
52260|Bitte die Eintragung wie laut Firmenbuch vornehmen: 
Hauptbranche: Erbringung von sonstigen Dienstleistungen für den Verkehr (52.26-0)
Nebenbranche: Erbringung von Logistikdienstleistungen (52.25-0)
49330|Flughafentransfer, Vermietung von Fahrzeugen ohne Fahrer
49330|Krankentransporte
49330|Bikeguide
55202|Private Zimmervermietung
49120|Personenbeförderung im Linienverkehr auf der Straße, der Eisenbahn sowie Reisebüro
49110|Personenbeförderung im Eisenbahnverkehr
52260|siehe H 52.26-0
56111|Weinbar
49330|Taxiverkehr
49420|Kleintransporte, Umzüge
49330|Personenbeförderung
49320|Personenbeförderung im Gelegenheitsverkehr auf der Straße
49330|Taxiverkehr
52260|Transport und Logistik
49330|Taxiverkehr
49200|Güterbeförderung im Schienenverkehr
49330|Personenbeförderungsgewerbe mit Pkw ? Taxi, mit 3 Pkw
52310|Vermittlungstätigkeiten für die Güterbeförderung H52.31-0
49320|Personenbeförderung im Gelegenheitsverkehr mit Omnibus und Pkw, Schülerverkehr und Krankentransporte
53200|Durchführung von Arzneimitteltransporten
49330|Personenbeförderung mit  Fahrzeug mit Fahrer auf Abruf
49330|Taxiverkehr
49330|Personenkraftwagenvermietung mit Fahrerin und Fahrer
56300|Ausschank von Getränken
49330|Taxiverkehr
55202|Ferienhäuser und Ferienwohnungen
49320|Sonstige Personenbeförderung auf Straßen
56300|Billardcafe- Billardtische, Cocktails, Bar, Caffeehaus,
49320|Autobusunternehmen (nicht: Linienverkehr)
49330|Verkehr - Taxiverkehr, Taxivermittlung am Flughafen-Wien-Schwechat
55202|Beherbergung
55101|Hotel garni 3-Sterne Betrieb
55201|Beherbergung von Schulklassen und Feriencamps.
49200|Güterbeförderung im Eisenbahnfernverkehr
56220|Schulkantine
55202|Vermietung von Zimmer & Appartements
56300|Cafe
55202|Ferienhäuser und Ferienwohnungen
55202|Vermietung Gästeappartement
55900|Studentenheim (nicht: mit Schule verbunden)
55202|Appartementhaus
56300|Nebentätigkeit mit 25.4.2017 beendet. Haupttätigkeit stimmt in der Unterklasse 56.30-0 (Ausschank von Getränken)
55202|Vermietung von Ferienwohnungen in größen 4 bis 10 Personen
55201|Jugendherberge
55202|Ferienwohnungen
56300|Beherbergung u. Gastronomie
52250|Transportlogistik
55202|Privatzimmervermietung
56220|Bitte ändern auf 56.22-0, wir sind Caterer und Erbringer sonstiger Verpflegsleistungen
51100|52.23-0 Erbringung von sonstigen Dienstleistungen für die Luftfahrt
Pilotentätigkeit für unterschiedliche Luftfahrtunternehmen
im In- und Ausland zu 100%
56210|Event-Caterer
55202|Beherbergung
49330|Personenkraftwagenvermietung mit Fahrerin und Fahrer
49330|Taxiverkehr
52260|Meiner Einschätzung zufolge, müsste die korrekte Zuordnung 52.26-0 SPEDITION sein. Leider kann ich die Änderungen aber nicht eingeben.
55101|Hotel
56113|Cafe  mit ausschließlich Pizza und Toast
55202|Ich vermiete eine Ferienwohung
55202|Ferienwohnungen
55201|Jugendherberge
55202|Ferienwohnung
55202|Vermietung von Ferienhäusern
56210|Erbringung von Cateringleistungen
56300|Cocktailbar
55202|Vermietung von Ferienwohnungen
55202|Beherbergung
55202|Appartementsvermietung
55102|Vermietung von Hotelzimmern mit Bettenmachen, Frühstücksbuffet, Halbpension
56300|Ausübung des Gastronomie- und Veranstaltungsgewerbes Ausübung von Eventconsulting und Promotionstätigkeiten
56220|Vermittlungstätigkeiten, Gastronomie
49330|Taxi;
55202|Ferienwohnungen und Apartments
55202|Apartmenthaus Betrieb
53200|Lieferdienst
56220|Catering
55202|Appartement Vermietung
55101|Beherbergung u. Gastronomie
49330|Taxiverkehr
52310|Vermittlungstätigkeiten, Frachttransport
52211|Parkgarage
55202|Ferienhäuser und Ferienwohnungen
55202|Ferienwohnung
55202|Ferienwohnung
49340|Personenbeförderung mit Seilbahnen und Skiliften
55202|Ferienwohnung
55202|Vermietung von Appartements an Gäste
55202|Vermietung von Ferienbungalows
56300|Barbetrieb
55102|Unterklasse 55.10-2
56111|Gastwirtschaft (nicht: Schwerpunkt Beherbergung)
55202|Appartmenthaus
49340|Hotel
52260|Speditionstätigkeiten
55102|Meine Hauptaufgabe ist eine Frühstückspension 55.10-2 nur 1 Zimmer ist für einen Mitarbeiter vermietet 55.90-0
55202|Privatzimmervermietung
55202|Ferienwohnung
55201|Wegfall der Klassifizierung 55.90-0 im Jahr 2024. Ausschließlich Umsatzerlöse aus der Klassifizierung 55.20-1
55202|Vermietung Ferienhäuser und Ferienwohnungen
56210|Event-Caterer
56220|Anwendungsberatung für Großküchentechnik
55202|Ferienwohnung
55202|Vermietung von Ferienappartements
55201|553.044,30? aus Beherbergung von Schulklassen und Feriencamps.
52260|Grenzspedition. Bereitstellung von Zolldokumenten für nicht EU-Staaten.
55202|Beherbergung Ferienhaus
55102|Gästehaus
55201|Schutzhütte, Schwerpunkt Beherbergung
55201|Schutzhütte, Erlöse aus Verkauf von Getränke und Essen; Nächtigungsentgelt wird zu 80% an die besitzende Sektion abgeliefert
55202|Haupttätigkeit: Vermietung von 7 Ferienwohnungen und einem Einbettzimmer.
Nebentätigkeit: Online-Marktplatz für regionale Lieferanten wie Bäcker und Direktvermarkter sowie Gastgeber die den Gästen Produkte bzw. Dienstleistungen (Massagen,...) anbieten
55202|Beherbergung
49340|Seilbahnverkehr
56300|Ausschank von Getränken
49340|Zeitraum - Schätzung? ÖNACE? Betrieb von Sportanlagen, zu denen auch der Betrieb von Seilbahnen, Skiliften und Sesselliften gehören kann, siehe 93.11-9, Seilbahnen, Gewerbe, Schlepplifte, Seillifte, Bandförderer, Märchenwiese, Gastgarten, Verleihe, Verleih von Sportgeräten, Parken und Garagierung, Vermietung und Verpachtung, Beförderungen von Personen und Sachen, Sportgeräte usw., Dauerveranstaltungen wie Halfpipe, Rodelhügel, Geochaching, Snowpark, Rails, Kicker, Transporgenehmigungen: Mountaincarts, Bikes, Fahrräder, Biken, Pistenrettung, Lawinensprengungen usw.
55202|Vermietung Appartement
49340|Personenbeförderung mit Schlepplift
55202|Ferienhäuser und Ferienwohnungen
56111|Restaurant-Cafe
56111|Die Haupttätigkeit ist Restaurants und Gaststätten, die Jugendherberge und Schutzhütte ist seit 1. 1. 2016 weggefallen.
55202|Privatzimmervermietung von Ferienwohnungen
56300|Bar
55202|Österreich
56112|Jausenstation ohne Beherbergung
55202|Ferienwohnung
56120|Maronibrater
56120|Maronibrater
56120|Maronibrater
56120|Maronibrater
56120|Maronibrater
56120|Maronibrater
56220|Kantine
55202|Ferienwohnungen
55202|Vermietung von Ferienhäuser ohne tägliche Reinigung
55202|Vermietungstätigkeiten
56112|Buschenschank im Rahmen der Land u. Forstwirtschaft
55202|Vermietung von Ferienhäusern mit Kundenbetreuung und Endreinigung > ÖNACE 55.10-1 ??
55202|Vermietung Ferienwohnungen
56220|Catering für KiGa, Schulen, Firmen, Bewohner:innen von Seniorenheim
56111|Berggastronomie und Beherbergung
56220|Catering
55202|Ferienwohnung
52109|Vermietung und Verpachtung / Büro und Lager
55202|Ferienhäuser und Ferienwohnungen teilw. täglichem Bettenmachen und Reinigen
56111|Restaurant
56300|Barbetrieb
56300|Klassischer Bar- und Discobetrieb
49200|Güterbeförderung im Schienenverkehr
55300|Beherbergung
55202|1 Ferienwohnung
55202|Beherbergung
55202|Touristische Vermietung einer Ferienwohnung
55202|Privatzimmervermietung, Appartementvermietung
55202|Kurzzeitvermietung Ferienhaus
55201|Der Imbissstand war nur in der Wintersaison 20/21 geöffnet.
55202|Ferienwohnungen
55202|Vermietung von Apartments mit Aufenthalsraum (Frühstück, Getränke, Kuchen)
55202|55 20 2
55202|Ferienwohnung
55201|Beherbergung und Gadstronomie
55202|Apartmenthotel
55202|Pension
56220|kantine  und catering
56300|Ausschank von Getränken
55202|Ferienwohnung
49320|Autobus-Gelegenheitsverkehr
49330|Taxiverkehr
56220|Kantine
49330|Wien , Schwechat
55202|Vermietung von Ferienwohnungen
56300|Verabreichung von Speisen jeder Art und Ausschank von Getränken
55202|Vermietung von Ferienwohnungen
49410|Zuordnung zu 494 ist korrekt.
56300|Kaffeeausschank, mobil
55202|Ferienhäuser und Ferienwohnungen
49340|Seilbahnverkehr
56300|Verabreichung von Getränken und Speisen
50300|Beförderung von Fahrgästen in der Binnenschifffahrt, Ausbildungen in der Binnenschifffahrt,
55202|Vermietung von Ferienwohnungen und Häusern
49330|Peronenbeförderung mit Fahrzeug
49330|Vermiertung von acht PKWs und einem Wasserfahrzeug
55202|Appartementhaus
52219|Begleitung von Sondertransporten
56111|Restaurant
55202|Ferienhäuser und Ferienwohnungen
55202|Bereitstellung von kurzzeitigen Unterkünften
55202|Ferienhäuser und Ferienwohnungen
55202|Ferienhäuser und Ferienwohnungen
55201|Gastronomie (Beherbergung aus Brandschutztechnischen Gründen nicht möglich)Keine Beherbergung.
56210|Event-Caterer
56300|Bar
55202|Ich bin hauptberuflich als Angestellter tätig; die Vermietung von Ferienwohnungen ist eine Nebentätigkeit
55202|Ferienwohnung
56220|Betriebskantine
56300|

  Bar 
56210|Pizza Catering
55202|Gewerbe mit 31.12.2024 abgemeldet
52220|es wird eine Bunkerstation betrieben
56220|Umsatz aus Sonstige Caterer und Erbringung sonstiger Verpflegungsdienstleistungen
55202|Vermietung von Appartments
49330|Taxigewerbe
49330|Personenbeförderung
55202|Ferienwohnung
51100|Bedarfsflugverkehr
56112|Verabreichung von Speisen in einfacher Art: 60% // Ausschank von Getränken 37% // Sonstiges (Souvenirs) 3%
49340|Personenbeförderung mit Seilbahnen und Skiliften
56111|Diskothek
56112|Gastronomie
55300|Campingplatz und Jugendherberge
55202|Ferienhäuser und Ferienwohnungen, Immobilienvermittlung
52320|Vermittlungstätigkeiten, Personenbeförderung
49320|Personenbeförderung im Gelegenheitsverkehr
55202|Ferienhaus
55102|Beherbergung von Gästen in Zimmern und Apartments, mit Frühstück
55101|Hotel
55202|Ich vermiete lediglich 2 Ferienwohnungen als Kleinunternehmer jedoch keine gewerbliche Vermietung
56111|Restaurant
55202|Vermietung von Ferienwohnungen
49410|Güterbeförderung auf der Straße, Frächterei
49330|Taxiverkehr
55202|Vermietung Ferienwohnung /
52250|H52 .2
55202|Appartements
52260|Spedition (nicht: Güterbeförderung)
55202|Ferienwohnung
56220|Mitarbeiterverpflegung
49330|Personenbeförderungsgewerbe mit Pkw ? Taxi, mit 10 Pkw
55101|Hotel
55202|Ferienhaus
49410|lt. Email : 49410 Güterbeförderung im Straßenverkehr betrifft die Haupttätigkeit.

55202|Appartementhaus
55202|Vermietung von Ferienwohnungen
55102|Gästehaus
55202|Vermietung Ferienhaus
56300|Ausschank von Getränken
49330|Personenkraftwagenvermietung mit Fahrerin und Fahrer
56120|Die Mobile Gastronomie Ist meine Haupttätigkeit. Die Nebentätigkeit ist die Unterklasse 46.12-0
55202|Ferienhäuser und Ferienwohnungen
49340|Seilbahnverkehr
55201|Beherbergung und Verpflegung
49330|Personenbeförderung mit PKW ( TAXI )
55202|Ferienwohnung
55300|Campingplatz
55202|Ferienwohnung
56210|Event-Caterer
56220|Catering Verpflegung mit Speisen und Getränken
55201|Alpenvereinsschutzhütte
55202|Appartements
56111|Wir sind eine Schutzhütte der Kat. I
49330|Taxiverkehr
49330|Taxidinste
49330|Personenbeförderung mit Fahrzeug mit Fahrer auf Abruf
55900|Personalhaus
56300|Gastronomie
55202|Beherbergung
49310|Personenbeförderung auf der Straße, mit Fahrplan
52211|H 52.21-1 Betrieb von Parkplätzen oder Parkhäusern
49320|Sonstige Personenbeförderung im Landverkehr a.n.g.
55300|Vermietung v Stellplätzen, Fewo, Mietcaravans, M-Bikes; Versorgung der Gäste mit SB-Shop, Restaurant;
49330|Personenbeförderung auf der Straße, ohne Fahrplan
52260|Erbringung von sonstigen Dienstleistungen für den Verkehr
56210|Catering, Erzeugung und Lieferung von Speisen
49330|Taxiverkehr
56300|Bar
55202|Beherbergung
55102|Sonstige Beherbergungsstätte
55900|Hotel, Studentenheim
49320|Mietwagen mit Fahrerin und Fahrer
52260|Kühlwagentransporte
56300|Gastgewerbe Bar
52109|Lagerhaltung/Logistic Services im Rahmen einer 7x24x365 Hochverfügbarkeitslogistik. Logistiklösungen in den Bereichen Computer/IT & Peripherie, Kiosk Business, etc.. Retourenmanagement, etc.. Generell Logistik-Dienstleistungen (Lagerhaltung / Aufbereitung / zusammenstellen benötigter Komponenten, etc. ) mit "Mehrwert"
55202|55.20-3 Ferienhäuser und Ferienwohnungen
55202|Ferienwohnung
56300|Gastronomie
56112|Gastgewerbe gemäß §111 Abs.1Z.2 GewO 1994, eingeschränkt auf kalte Speisen, Toasts, Gulasch und heiße Wurstwaren sowie den Ausschank von Getränken in der Betriebsart Cateringbetrieb;
52250|1.Haupttätigkeit: Internationale Beratung und Vermittlung Leistung im Bezug der Transport Dienstleistungen
55102|Zimmer mit Frühstück, Donnerstag Stammtisch, Sonntag 10:00 bis 12:00 Frühshoppen
49420|- Büroübersiedlungen / Projektumzüge; -De- Montagetätigkeiten für Neumöbel; - Internationale Umzüge; - Aktenarchivierung; - Fuchs Full Service; -Kunsttransporte; - Spezialtransporte
56113|Kaffeehaus
52250|Passende vorgeschlagene Unterklasse wäre evtl. H 52.25-0 Erbringung von Logistikdienstleistungen.

51100|Management und Verchartern von Business Jets
56220|Kantine
56210|Event-Caterer, Buffets
49330|Personenbeförderung mit Fahrzeug mit Fahrer auf Abruf
49340|Personenbeförderung mit Seilbahnen und Skiliften
56300|Gastronomie
55202|Betreiben einer Unterkunft für max. 23 Personen, fokussiert auf ausländische Unternehmen, die in Österreich eine Baustelle betreiben und kurzfristig eine Unterkunft für ihre Mitarbeiter brauchen
49330|Taxiverkehr
55202|Vermietung einer Ferienwohnung
55400|Unterkunftsvermittlung im Alpinen Ski Weltcup - hauptsächlich während der Hahnenkamm-Rennen in Kitzbühel. sowie während der Sommermonate, einschließlich Herbstbuchungen.
56220|Catering und Kantinenbetrieb bei Sportveranstaltungen
56300|Cocktailbar
55202|Vermietung Ferienwohnungen
56300|Ausschank von Spirituosen
55102|Frühstückspension
55101|Wir sind ein Hotelbetrieb
56220|Schulkantine
55202|Kurzzeitvermietung
49340|Stüberl
55202|Vermietung von Ferienhäusern/Ferienwohnungen
55202|kurzzeitige Beherbergung von Besuchern und anderen Reisenden incl Mahlzeiten, Freizeitaktivitäten und andere Dienstleistungen
55202| Apartments.
55900|Privatzimmervermietung
55101|Hotel
55202|Vermietung
49330|Taxiverkehr
55101|HT: 55101, NT: Appartements ohne Verpflegung 55202
55202|Ferienwohnung
49330|Personenbeförderung Taxi
55202|Vermietung Ferienwohnungen
56300|Aussschank von Getränken zum unmittelbaren Verzehr durch Gäste bei Theater-, Tanz-, Konzerveranstaltungen.
55202|Ferienhäuser und Ferienwohnungen
55202|Almhütte
55202|Apartmenthaus
56210|Mietkoch
56220|Catering
56300|Ausschank von Getränken
56300|Ausschank von Getränken
49340|Beförderung mit Bahn und Binnenschiffahrt
55300|Camping, Gastronomie
56111|Schutzhütte (nicht: Schwerpunkt Beherbergung)
55202|55.20-2
56112|100% Heurigenlokal mit Speisen
55202|Vermietung Appartements
55202|Vermietung Apartments
53200|50% DPD PickUp Paketshop + GLS Paketshop + UPS Access Point? Paketshop + Hermes Paketshop + DHL Express Service Point Paketshop
27% Western Union Geldtransfer + MoneyGram Geldtransfer + Ria Money Geldtransfer
23% Webdesign + Webprogrammierung
56210|Event-Caterer
56112|HT: Imbiss, NT: EH, Ferientwohnung
55102|Frühstückspension
56210|Auslieferung von Speisen und Getränken
56210|Vermietung 50%, Eventlocation 50%
49340|Nebentätigkeit Unternehmensberatung ist NICHT richtig, richtig ist die Haupttätigkeit 49.34-0 Personenbeförderung mit Seilbahnen und Skiliften.
49340|Die Haupttätigkeit ist die Personenbeförderung mit Seilbahnen und Skiliften
55202|Vermietung von Ferienwohnungen
55202|Ferienhäuser und Ferienwohnungen
56220|Laut Rücksprache mit der WKS erscheint die ÖNACE 56.22-0 Sonstige Caterer und Erbringung sonstiger Verpflegungsdienstleistungen am passendsten für mein Unternehmen.
55202|Ferienwohnung
56300|Ausschank von Spirituosen
55202|Vermietung von Ferienhäeuser
56210|Catering 
56112| Haupttätigkeit Imbiss  Nebentätigkeit Event Catering 
55101|Suiten/Apartments mit Frühstück
56113|Cafe
49310|Schulbus und Patiententransport
55102|Sonstige Beherbergungsstätten
56220|Beschreibung meiner Hauptberufes :
Auf Bestellung liefere ich meinen Kunden Konditoreiwaren z.B. bei Taufen, Erstkommunionen, Firmungen, Hochzeiten, Geburtstagen und sonstigen Anlässen.
Meistens werden Torten, Schnitten, Teegebäck usw. bestellt.

 Beschreibung der Nebentätigkeit :
Meine frühere Haupttätigkeit ist seit November 2018 zur Nebentätigkeit geworden. Privatunterricht in Gitarre, Klavier und Gesang gebe ich in kleinerem Rahmen.
56113|Cafehäuser - gültig seit 2021; der Einzelhandel mit Fleisch wurde Ende 2020 aufgegeben
49330|Reine Personenbeförderung (Taxi)
53200|Zeitungszusteller
56210|Catering
55201|Jugendherberge
56112|Kiosk und Buffet mit Ausschank und Verabreichung von Speisen. 
ÖNACE-Code: 56.11-2
55101|Hotelbetrieb
55300|I 55.3 Campingplätze
56112|Anbieten von Getränken an Kunden
49410|Güterbeförderung im Straßenverkehr
56300|als Haupttätigkeit ist I 56.30-0 Ausschank von Getränken und als Nebentätigkeit ist G 47.63-0 Einzelhandel mit Fahrrädern, Sport- u. Campingartikeln zu setzen; Der Standort Dorfstraße 51 ist bitte zu löschen, es gibt nur Madleinweg 2, 6561 Ischgl
49320|Ausflugsfahrten, Mietwagen / Taxi
49410|Güterbeförderung auf der Straße, Frächterei
49410|Logistik-Dienstleistungen
55202|Bitte um Änderung auf: 55.20-2 (Ferienhäuser und Ferienwohnungen)
49410|Transporte
56111|Gastgewerbe in der Betriebsart Verabreichung von Speisen in einfacher Art
55202|Ferienwohnungen
56111|Restaurant und Gaststätten
55202|Ferienwohnung
55101|Hotellerie und Gastronomie
56111|Brasserie & Bar
55101|Betreibung eines Hotels, sowie eines Restaurants
55101|Hotel, Abendessen, Frühstück für Externe
55102|Beherbergung von Gästen
55900|Betrieb von Arbeiterquartieren / Webplattform für die Vermarktung von Zimmer
55102|Wir haben auch Beherbergung mit Frühstück.
55101|Hotel- und Gastronomiebetrieb mit Veranstaltungsservice und Seminarangeboten.
Restaurantbetrieb mit regionaler Küche, Catering und saisonalem À-la-carte-Angebot
56111|Fast Food Restaurant
56111|Fast Food Restaurant
56111|Fast Food Restaurant
56111|Fast Food Restaurant
55101|Airbnb, Zimmervermietung, Gastronomie, Cafè
56111|Fast Food Restaurant
55101|Hotel
55102|Frühstückspension
56111|Zubereitung von Speisen und Getränkeverkauf
55101|Übernachtung, Konferenz und Gastronomie
52230|H52.23-0 Erbringung von sonstigen Dienstleistungen für die Luftfahrt
56111|56.11-1 Restaurants und Gaststätten
55102|Vermietung von Appartements
55101|Hotel, Beherbergung, Verpflegung
55101|Hotel-Garni
55101|Hotel
55101|Beherbergung und Gastronomie
56120|56.12-0 - Eiswagen mobil
56111|Speisen und Getränke
55101|Hotel
56111|Gasthaus (nicht: Schwerpunkt Beherbergung)
55101|Hotel, Restuarant, Bar
55101|Hotel
56111|Produktion und Verkauf von vegan-glutenfreiem Mittagessen in 100% Bio-Quailtät
56111|Österreich
56111|Kaffeerestaurant
56111|Restaurant
55101|Hotel garni
55101|Beherbergung
56111|Gastronomie
55101|Beherbergung u. Gastronomie
56111|Gasthaus (nicht: Schwerpunkt Beherbergung)
56111|Gasthaus (nicht: Schwerpunkt Beherbergung)
55101|Bed&Breakfast-Hotel, Vermietung Mitarbeiterzimmer
56111|Vermittlungstätigkeiten, Gastronomie
55102|Gasthof, Schwerpunkt Beherbergung, INFO an Statistik Austria: tolles Programm, ;-)

56111|Restaurant-Cafe
56111|Gastronomie
55101|Hotels, Restaurants, Bas
55101|Beherbergung und Gastronomie
55101|Hotel
56113|Cafe
55102|Beherbung von Gästen
55101|Betrieb eines Hotels i
55101|Beherbergung, Restaurant 1645325?
56111|Pizzeria
56111|Restaurant
56111|Gasthaus (nicht: Schwerpunkt Beherbergung)
55101|Hotellerie
55101|Hotel
55101|1300000 Euro
56111|China Restaurant
55102|Frühstückspension
55102|EUR 373.450,17
55101|Hotel und Bergrestaurant
55101|Hotel-Pension mit Halbpension
55101|Hotel garni
55102|Frühstückspension und Appartements
56111|Hotel
56111|Gasthaus, Verpflegung von Gästen mit Speisen und Getränken sowie Catering von Speisen und Getränken
55102|Hotelpension, als Hotel geführt
55102|Frühstückspension
56111|Pension
55102|Hotel und Restaurant
55202|Privatzimmervermietung
55202|Privatzimmervermietung
55101|Beherbergung und Gastronomie
56111|Gastronomie
55102|Frühstückspension
55101|Hotelpension, als Hotel geführt
55101|Hotel
55102|Logis und Lieferservice
56113|Österreich
56111|Gastronomie
56112|Würstelstand
55102|Frühstückspension
55101|Hotel inklusive Halbpension
55202|Appartments ohne Gastronomie
56111|Restaurant
55102|Gasthof, Schwerpunkt Beherbergung
56111|Gasthaus (nicht: Schwerpunkt Beherbergung)
55101|Hotel
56111|Gasthof (nicht: Schwerpunkt Beherbergung)
55102|Beherbergung u. Gastronomie, Vermietung
56111|Restaurant
56111|Gasthaus, Restaurant
56111|Wir betreiben ein chinesisches Restaurant mit Sitzplätzen und Take-away-Service. Unsere Speisen werden sowohl vor Ort konsumiert als auch abgeholt. Es gibt keinen Catering-Service, keine mobile Gastronomie und keine Bewirtung auf Veranstaltungen.
56111|Gasthaus
55102|Beherbergung u. Gastronomie
56113|Kaffeehaus
55102|Unterbringung von Gästen mit und ohne Verpflegung
55102|Keine Gastronomie nur Beherbergung
55102|Österreich
56111|Gasthaus (nicht: Schwerpunkt Beherbergung)
56112|Imbissstube
56300|keine
55101|Wir betreiben seit dem Jahr 2016/2017 ein Hotel Garni - laut Einstufung der Wirtschaftskammer Vorarlberg. Daher sollte der Schlüssel I 55.10-1 stehen. Wir bitten höflich um Prüfung und Änderung. Mfg
55102|Beherbergung
55102|Beherbergung Gäste
56111|Restaurant - Pizzeria
55101|Hotel
56113|Österreich
55102|Frühstückspension
55101|Hotel und Restaurant
56111|Gasthaus
55101|Hotel garni
56111|Restaurant-Cafe
55102|Beherbung und Gastronomie
55102|Vermietung von Zimmern und Ferienwohnungen inkl. Frühstück
56111|Beherbergung u. Gastronomie
56111|Gasthaus (nicht: Schwerpunkt Beherbergung) keine Beherbergung
55101|Hotel
56113|Specialty Coffee Shop
55102|Beherbergung mit Frühstück
56111|Betrieb eines McDonald´s Restaurants
55102|Beherbergung und Restaurant
56111|Kaffeerestaurant
56220|Lieferküche und mobiler Imbiss
Vermietung von mobilen Imbisständen und Gastrogeräten
mobiler Würstelstand
56120|Food Truck
55102|Ferienwohnungen
55101|Hotel
56210|Event-Caterer
56111|Restaurant und Gaststätten
55102|Berggasthof mit Vermietung von 15 Gästezimmern und Restaurant
55102|Beherbergung und Verpflegung von Hotelgästen
56111|Wir betreiben einen Gasthof mit Verpflegung (Speisen und Getränke, 230 Sitzplätze indoor und 250 outdoor) sowie 18 Gästezimmern (Beherbergung in Doppelzimmer mit Frühstück)
55101|Hotel Garni mit kleinem Tagescafe-Bar
55101|Wir sind ein Hotel
56111|Restaurant
56111|Beherbergung u. Gastronomie
55102|Österreich
55101|Hotel
55102|Gasthaus, Schwerpunkt Beherbergung
56113|Cafe
55101|Hotel und Gastronomie
56210|Catering
56111|Cafe Pizzeria
55101|Hotel
55102|Beherbergung
55101|Zimmervermietung
55101|Hotel und Restaurantbetrieb
55101|Gästehaus, Frühstückspension seit 1.1.1986
56111|Betrieb eines Gasthauses
55102|Zimmer mit Frühstück & Sauna, Restaurant
55102|Beherbung und Gastronomie, Catering
55101|Beherbung
55102|Gasthof und Pension ab Ende des Jahres nur Pension
55101|Seit der Klassifizierung im November Dezember 2024 sind wir ein Hotel Garni mit 3 Sternen
56113|Cafehäuser
56300|Barbetrieb
55101|Hotel garni
55102|Betriebsart . Frühstückspension und Appartement
56112|Imbissstuben
55102|Frühstückspension
55102|Zimmervermietung
55102|Beherbergung
55101|Hotel- und Gastgewerbe
56112|Heurigenbuffet
56113|Kaffehaus 
56210|56.21-0
55101|Hotel-Garni
55102|Gasthöfe und Pensionen
55101|Hotel, Ferienhäuser, Restaurant
55202|Vermietung von Apartments
55202|Vermietung von Apartments
55202|Vermietung von Apartments
56112|Heurigen und Weinverkauf
56111|Pizza und kebab
56113|Bistro, Cafe
56111|Restaurant
56111|Gastronomie
55101|Hotelpension, als Hotel geführt
56300|Ausschank von Getränken
56113|lieferung Kuchen
55101|Hotel
55101|Hotel mit Frühstück und Hotelbar, Andere Tätigkeiten betrifft Vermietung und Verpachtung
56120|Mobile Gastronomie
56111|Fast Food Restaurant
55101|Cafe
56111|Fast Food Restaurant
55101|Hotel garni
56111|Fast Food Restaurant
56112|Imbissstube
56111|Fast Food Restaurant
56113|Cafehaus
55101|Hotel, Frühstück
56111|Fast Food Restaurant
56111|Fast Food Restaurant
56111|Fast Food Restaurant
56111|Gasthaus (nicht: Schwerpunkt Beherbergung)
55202|Ferienwohnung
56112|Gastronomie
55101|Hotellerie und Gastronomie (sowie minimaler Verkauf div Handelsprodukte)
56111|Restaurant
55101|Hotel
56113|Cafehäuser
55101|Hotel
56111|Gasthaus (nicht: Schwerpunkt Beherbergung)
55101|Hotel
56113|Café- und Bar-Betrieb
56113|gastronomie
56111|Gasthaus (nicht: Schwerpunkt Beherbergung)
56111|56.11-1 Schutzhütte ohne Schwerpunkt Beherbergung
56111|Gasthaus (nicht: Schwerpunkt Beherbergung)
56112|Eislaufplatz (Eismeister)
55101|Unterklasse: I 55.10-1 /Titel: Hotels

55202|Vertmietung Appartements
56300|Nachtklub
55101|Hotel
56111|Restaurant
55202|Haupttätigkeit von Apartments,Nebentätigkeit Hausmeister
55102|Hotel und Restaurant, wir sind ein Hotel mit 29 Zimmer und Restaurant angeschlossen.
55102|Privatzimmervermietung
56300|Diskothek
55202|Sehr geehrte Damen und Herren, ich habe 4 Gewerbe und zwar
- Ferienhaus
- Reisebüro - Appartements- und Ferienhäuservermittlung
- Hausmeister 
- Bürotätigkeiten 

Bei allen Fragen stehe ich Ihnen gerne zur Verfügung.

Mit freundlichen Grüßen


55101|Hotel
55101|Übernachten mit Frühstück
55101|Betrieb von zwei Hotels und einem Restaurant
55101|Hotel und Restaurant
55102|Pension, Restaurant
56113|Eissalon mit Regionalladen und Mehlspeisen
56111|Restaurant
55102|Beherberung ung Gastronomie
55101|Hotel, Internatsbetrieb
56111|Gastronomie
55202|Zimmer mit Frühstück (10 Betten) und 
Ferienhaus (ohne Nebentätigkeit)
56111|Restaurant
55101|Hotel
55101|Gasthof, Schwerpunkt Beherbergung
55201|Berghütte, Schwerpunkt Beherbergung
56113|Restaurant und Gaststätten stimmt NICHT. die Firma  ist ein KAFFEEHAUS.
55102|Beherbergung
56111|Selbstbedienungsrestaurant
55102|Frühstückspension
55101|Hotel
56210|Lieferküche, Catering
55102|Gastronomie & Übernachtung
56113|Cafehaus, Cafehaus-Restaurant
56112|Stand am Weihnachtsmarkt für 5 Wochen im Jahr
55101|Hotel garni
55101|Hauptätigkeit
56111|Umsatzerlöse Beherberung
55102|Beherberung und Gastronomie
56111|Restaurant
55101|Hotelpension, als Hotel geführt
56113|Cafe
56113|Cafe
55101|Hotel
56210|Event-Caterer
56111|Gasthaus (nicht: Schwerpunkt Beherbergung)
55102|Gastwirtschaft, Gasthaus, Köchin, Gastwirtin
56112|Buffet
49330|Ich betreibe ein Taxi-/Mietwagengewerbe mit Schwerpunkt Schüler- und Kindergartenkindertransport weiters nebenbei ein Gasthaus
55900|Reine Beherbergung ohne Gastronomie
56112|Gastronomie Buffets Imbissstuben
56111|Gasthaus (nicht: Schwerpunkt Beherbergung)
56111|McDonald´s mit McCafe
55102|Gastgewerbe /Pension
56113|Gastgewerbe
55102|Gasthof (nicht: Schwerpunkt Beherbergung)
56112|Restaurant-Cafe
55101|Hotel garni
55102|Pension
55101|Unterbringung und Verpflegung unserer Hotelgäste
56111|Restaurant und Zimmervermietung
55101|Hotel garni
56300|Ausschank von Getränken. Also die Nummer 56.30-0
55101|Vermietung von Zimmern und Ferienwohnungen
55202|Unterbringung in Ferienhäusern
55101|Hotels
55101|Hotel
55101|Hotels
55101|Hotels
55101|Hotel
55101|Hotel, Restaurant
56111|hochalpine Schutzhütte
56113|speisen und getränke verkaufen
55101|Betreiben eines Hotels
55101|Hotel
56111|Pizzeria vor Ort Speisen , mitnehmen  oder Liefern lassen
56112|Wir betreiben zu 100 % einen Weinbaubetrieb und verkauf 1 x im Jahr an 2 Tagen Glühwein in Wien. Nur für diese 2 Tage mussten wir ein Gastgewerbe (Imbissstube) gründen. Die restlichen 363 Tage im Jahr ist der Betrieb ruhend gestellt.
55102|Gastro und Vermietung Pension 
56113|Cafe-Restaurant, Espresso, Konditorei
56111|Beherbergung u. Gastronomie
56113|Café, gastronomie
56111|Restaurant-Cafe
55201|Alpenvereinshütte
56120|Foodtruck, Ausübung eines Marktstandes
56112|Verkauf von Speisen und Getränken
56111|Restaurant und Gaststätten
55202|Beherbergung ohne Kundenbetreuung vor Ort, 55.20-1 - wäre aus unserer Sicht passender da aktuell kein Frühstück und keine tägliche Reinigung angeboten werden.
Als Nebentätigkeit wird eine Gesellschafter-Geschäftsführer Tätigkeit ausgeführt.
55202|Zuordnung I 55.20-2
55102|Derzeit hauptsächlich Vermietung Gästezimmer Hotel Garni/Pension mit Frühstück; Erlöse aus Restaurant und Gaststätten wegen wirtschaftlicher Lage und Nachfrage bei Umstrukturierung und derzeit nur bei ca. 5%
56111|Restaurant und Gaststätten vermutlich die passenden Klassifikation
56111|Gasthaus
55102|Verkauf von Speisen und Getränken, sowie Beherbergung
55101|Hotel
55101|Hotel
55102|Event und Beherbergung
55101|Hotel
56111|Gasthaus (nicht: Schwerpunkt Beherbergung)
55101|Hotel
55101|Hotel
55101|Frühstückspension
55102|Gasthof (nicht: Schwerpunkt Beherbergung)
55102|Frühstückspension
55102|Vermietung
56113|Billard Cafe
55202|Ich bin nicht sicher ob die Zuordnung noch stimmt. Seit Corona biete ich KEIN Frühstück an und vermiete die Wohnungen und Appartements als solche mit Brötchenservice und einmaliger Endreinigung. Als Ansprechpartner bin ich dennoch immer vor Ort. Würden Sie mich hier bitte aufklären? Lieben Dank vorab und beste Grüße, Carola Krauß
56111|Zimmervermietung / Frühstück / Fine Dine
56111|Restaurant
56111|Systemgastronomie
56220|Catering für Hochseeschiffe (Restaurant inklusive Ausstattung)
55102|Wir haben auch 6 Gästezimmer die wir, wie ein Hotelbetrieb , vermieten.
56300|Konzertlocation & Discothek
56111|Pizzeria mit 8 Verabreichungsplätzen
55102|Frühstückspension
56111|Beherbung und Gastronomie
55102|Gasthof, Schwerpunkt Beherbergung
56113|Kaffeehaus
56111|Wir haben nur Gasthaus, keine Beherbergung.
49410|KFZ-Transporte
56111|Restaurant und Hotel
56111|Gastronomie
56114|Speiseeis Verkauf
52219|Guten Tag
wir vertreiben GPS Tracker/Ortungsgeräte für Firmenfahrzeuge - ob diese Unterklasse richtig ist - können wir nicht bestätigen. Ersuchen wir um Unterstützung.
56111|falscher ÖNACE-Code, wir betreiben eine Pizzeria und kein Cafehaus
55102|Frühstückspension und Appartement
55202|Vermietung Ferienappartements
56112|Verabreich.v.Speisen u.Ausschank v.Getränken
56113|Cafe-Restaurant
55102|Gastronimie
55101|Hotel garni
56112|Ausschank von Getränken, Verabreichung von Speisen
56111|Kaffeehaus, Restaurant
55102|Beherbergung von Gästen im Hotel
55202|Vermietung von Ferienwohnungen
55101|Hotelpension, als Hotel geführt
55101|Hotel
55102|Nebentätigkeit - Hauptätigkeit Pension
56111|Gasthaus (nicht: Schwerpunkt Beherbergung)
56111|Gasthaus (nicht: Schwerpunkt Beherbergung)
56111|Restaurant, Imbiss
56111|Verkauf von Speisen und Getränken in Restaurant
55101|Hotelpension, als Hotel geführt
56112|Speisen und Getränke
55202|Vermietung von 1 Ferienwohnung
56112|Heurigenbuffet
55102|Zimmervermietung mit Verpflegung
56113|Bar
55202|Ferienwohnungen OHNE zusätzliche Betreuung als Privatvermieterin
55101|Hotel garni
55102|Beherbergung
55101|Zimmer mit Frühstück, Appartements
55101|Hotel
55101|Hotel
56113|Kaffeehaus und Imbiss
55102|Zimmervermietung
55101|Vermietung von Ferienwohnungen und Zimmern + Gasthof
Vermietung ist in der derzeitigen ÖNACE Zuordnung nicht dabei!!!
55101|55.10-1 ist korrekt

55101|Hotel und Restaurant
56111|Gasthaus (nicht: Schwerpunkt Beherbergung)
56112|Schulbuffet
56111|Pizzeria
56300|Restaurant-Cafe-Bar
55201|Schutzhütte, Schwerpunkt Beherbergung
56111|Pizzeria
56112|Hendlgrillstand
56111|Restaurant
56210|Event-Caterer (56.21-0)
56112|Beherbergung u. Gastronomie, Dienstleistung
56111|Pizzeria
56112|Buffets und Imbissstuben
55101|Wir sind ein Fullservice Hotel mit angeschlossener Therapieabteilung und erwirtschaften Erlöse aus dem Bereich Hotelzimmer-Unterkunft, Speisen und Getränke sowie Therapieerlösen.
55102|Beherbergung und Gastronomie
55102|Betrieb eines (Frühstücks)pensions mit täglichem Abendmenü
56111|Restaurant
56111|Restaurant
56111|Restaurant
55202|Privatzimmervermietung
55102|Gewerblicher Beherbergungsbetrieb mit 9 Zimmern = 15 Betten
56111|Restaurant
55102|bitte um Änderung auf ÖNACE-Code: I 55.10-2
es handelt sich um ein Gasthof
56113|I 56.11-3 Kaffeehaus
55202|Ich betreibe 2 Apartments, die als Ferienwohnungen vermietet werden. Die Unterbringung erfolgt zur kurzeitigen Nutzung durch Feriengäste oder Geschäftsreisende. Es handelt sich um vollständig eingerichtete Unterkünfte zur Selbstverpflegung. Eine persönliche Kundenbetreuung vor Ort sowie eine tägliche Reinigung der Apartments werden nicht angeboten. Die Übergabe der Unterkünfte erfolgt in der Regel kontaktlos, durch Schlüsselsafe.
56111|Führung eines Restaurants
56111|Restaurant
56111|Restaurant, Kantine & Kaffeehaus
56113|Cafehäuser
56300|Gastronomie in der Betriebsart Bar
56112|Verkauf von Speisen und Getränken am Kiosk
56111|Italienische und österreichische Essen
56113|Verkauf von Speisen, Mehlspeisen, Brötchen und Getränken zum Mitnehmen oder geliefert
56112|Imbissstube
55102|Öst
56111|Gasthaus (nicht: Schwerpunkt Beherbergung)
56111|Restaurant-Cafe
55202|Vermietung von Ferienwohnungen. ÖNACE müsste danach 55.20-2 sein.
55202|Ferienwohnung
55101|Hotel
56111|Restaurant-Cafe
56111|Schutzhaus (nicht: Schwerpunkt Beherbergung)
56120|Imbisswagen
55102|Beherbergung- und Gastronomie
56111|Verkauf von Speisen und Getränken
55101|Hotel und Gastronomie
55101|Hotellerie
55202|Es handelt sich bei den Standorten um Ferienwohnungen (kein täglicher Wäscheservice, keine Kundenbetreuung vor Ort). Daher ist vermutlich die Klassifizierung 55.20-2 sinnvoller. 
55101|Beherbergung u. Gastronomie, Österreich
56111|Gasthof (nicht: Schwerpunkt Beherbergung)
55202|Vermietung der Ferienhäuser, Brötchendienst
55101|Hotel
55101|Hotel
56111|Restaurant
56113|Frühstückspension und Cafehaus
55202|I 55.20-2
56111|Österreich
56111|Restaurant
55101|Hotel garni
55102|55.10-2  /  Fremdenpension mit 10 Gästebetten
56112|In der Gasse eion Imbiss 
55101|Hotel
55101|Hotel
56210|Bitte um Änderung des Codes der Haupttätigkeit von 5611 auf 5621.Danke.
Nebentätigkeit bleibt gleich. Danke.
56210|Catering für Veranstaltungen 56.21-0
55101|Beherberung von Gästen
55102|touristische Beherbergung, Ferienwohnungen und Zimmer
56112|Buffet/Imisstube
56112|Würstelstand
56111|Gasthaus
56111|Restaurant
56111|Verkauf von Speisen und Getränken
56111|Frühstück,- mittags und Abendrestaurant.
55101|Vermietung Zimmer- und Apartemts
56111|Cafe-Restaurant
56111|Café - Restaurant und touristische Vermietung Appartements
56111|Restaurant mit Gastgarten, Ohne Zimmer
55202|Bitte um Umstellung auf folgenden Code: I 55.20-2
da meine Haupteinnahme durch  Vermietung  von Ferienwohnungen erzielt werden
55101|Hotel
55102|Umsatzerlöse von 2023
56113|Betrieb eines Cafes, Verkauf von Kaffeeprodukten und Merchandising - Artikeln im Einzelhandel sowie geplanter Handel mit professionellen Kaffeemaschinen
56111|Berggasthaus( Schutzhütte)
55101|Beherberung, Restaurant, Hotel
55101|Hotel
55102|Beherbergung u. Gastronomie, Vermietung & Restaurant
55202|Gastgewerbe in der Betriebsart Gästehaus mit den Berechtigungen nach §111 Abs. 1 Ziff. 1 der GewO 1994
56111|Restaurant
55102|Gastronomie auch zu 50%
55102|Beherbergung
55101|Hotel
55101|Hotel
55101|Hotel
56111|Verkauf Speisen und Getränke
56111|Gastronomie
55101|3 Sterne Hotel mit 18 Betten und a la carte Restaurant mit 140 Sitzplätzen innen und 100 aussen
56111|Restaurant
56111|Restaurant
56112|Nur Imbissbuden
55202|Wohnungen für den Urlaub ohne tägliche Reinigung
56111|Restaurant
56111|Gastronomie (nicht Schwerpunkt Beherbergung)
55102|Vermietung von Apartments
55102|Vermietung und Verpachtung von beweglichen Gegenständen; Wohnraumvermietung
56112|Würstelstand
55102|Frühstückspension
55101|Hotel
55202|Ferienwohnungen
56111|Gasthof ohne Beherbergung, ausschließlich Gastronomie
56111|Restaurant
56111|Restaurant-Cafe
56111|Betrieben wird ein Restaurant. Angeboten werden Speisen an Kunden, die sitzend bedient werden. Zudem ist eine Bestellung und Lieferung der Speisen via Foodora möglich.
56113|Kaffeehaus
55101|Vermietung von Gästezimmer
56111|Gasthof mit Gästezimmern und Teichwirtschaft mit Angelfischerei und Fischverkauf
56111|Subway Restaurants
55102|Gästehaus
56113|-Catering wird jetzt auch angeboten
55202|Ferienhaus
56111|Restaurants und Gaststätten
56111|Restaurant-Cafe
56111|Gasthaus (nicht: Schwerpunkt Beherbergung)
55101|Nächtigung mit Frühstück und Wirtshaus
56112|Jausenstation
56220|Betriebskantine
55202|Nach unserer Meinung müsste der ÖNACE-Code lauten: 55.20-3
55101|Hotel
55101|Hotel, Beherbergung
55102|Beherbergung Appartements mit Gästeservice ( Wäsche und Reingungsservice während des Aufenthalts)
56111|Ausflugslokal
56113|Kaffeehaus
56111|Hauptätigkeit: 56.11.-1 Restaurants und Gaststätten   80 %
Nebentätigkeit: 47.26-0 Einzelhandel mit Tabakwaren  15%
Nebentätigkeit: 56.21-0 Event Catering         5 %
55202|Zweig Gasthöfe und Pensionen
56113|Angeboten wird Frühstück, kleine Gerichte, Kaffee, alkoholische und alkoholfreie Getränke und Eis
55101|Hotel
55202|Ferienhäuser und Ferienwohnung I 55.20-3
55101|Hotel
49410|HT: H 49.41-0 Güterbeförderung im Straßenverkehr
NT: G 47.79-0 Einzelhandel mit Antiquitäten und Gebrauchtwaren (Entrümpler); G 47.12-0 Sonstiger Einzelhandel mit Waren verschiedener Art
55101|2 Hotels und Restaurants
55101|Beherbergung u. Gastronomie, 1 200 000
56220|Catering für Beförderungsunternehmen
55101|Beherbergung und Verpflegung
55101|Hotel
56111|Stadtheuriger
56111|Cafe-Restaurant
55101|Hotel
55101|Hotelbetrieb mit Restaurant
55202|Ferienwohnung
55101|Hotel und Gaststätten
55101|Hotel und Gaststätte
55101|Hotel
55202|Fremdenzimmer
55101|Hotel
55101|Hotelpension, als Pension geführt
55101|Hotel
56111|Gasthaus (nicht: Schwerpunkt Beherbergung)
56113|Kaffeehaus
55102|Frühstückspension
55101|Hotel
55101|Beherbergung
55201|Jugendgästehaus
55202|Vermietung Ferienwohnungen
56111|Gasthaus (nicht: Schwerpunkt Beherbergung)
56111|Gastronomie
55101|Beherbergung u. Gastronomie
56112|Pizzeria
56113|Cafe-Restaurant
56112|Verkauf von Getränken und Lebkuchen
56111|Fast Food Restaurant
55101|Hotel
55101|Hotel
55202|Ich möchte Sie hiermit informieren, dass ich seit September 2024 keine Tagesbetreuung von Kindern mehr anbiete, die Vermietung besteht weiterhin.
56111|Restaurant-Cafe
55101|Beherbergung und Restaurant
55102|Frühstückspension mit 12 Zimmern, Saisonsbetrieb
56210|Catering für Veranstaltungen, 56.21-0
55102|Urlaub am Bauernhof, Ferienwohnungen
56111|Gastronomie
56111|Restaurants und Gaststätten
55101|100 % Hotelbetrieb, keine Nebentätigkeit
55101|Beherbergung von Gästen, meist kurzzeitig, in Hotelzimmern. Dazu Gastronomie, Kaffeehausbetrieb und Abends Küche.
49410|Güterbeförderung auf der Straße, Frächterei
56111|Firmensitz Restaurants
56111|Restaurant
56113|Cafehaus, Ausschank von Getränken
55102|Frühstückspension
55101|Hotel
56111|1300000 Restaurantbetrieb
56111|Seit 2023 betrieben wir den Gastronomiebetrieb als Restaurant und vermieten 5 Doppelzimmer ohne weitere Verpflegung.
55201|55.20-1 Jugendherbergen
55.20-2 Ferienhäuser und Ferienwohnungen
55102|Die Klassifikation trifft zu aber der Betrieb wurde an den Sohn und die Schwiegertochter übergeben daher stimmt die Anschrift des Unternehmens nicht mehr.
56111|Gasthaus (nicht: Schwerpunkt Beherbergung)
56111|Restaurant Buffet
55101|Hotel garni 
55102|Beherbergung von Gästen
55101|Hotel garni
55102|Beherbergung
55101|Hotel
55202|Einnahmen aus Vermietung (Wohnung und Beherbergungsbetrieb)
56112|Ausschank von Speisen und Getränken, keine Beherbergung
56112|Gastronomie
56112|Fischbraterei
56111|Restaurant betrieb
55101|Hotel garni
56111|Gatronomie
56111|HT neu: 56.11-1 Gasthaus (nicht: Schwerpunkt Beherbergung)
56111|Gasthaus (nicht: Schwerpunkt Beherbergung)
56111|Gasthaus (nicht: Schwerpunkt Beherbergung)
55101|Hotel
56111|Restaurant-Cafe
56111|Restaurant mit österr. Küche
55101|Hotel garni
56300|Tanzbar
56300|Bar
56112|Schulbuffet
56112|Imbissstube
55102|die ÖNACE Zuordnung Abschnitt I Unterklasse 55,10-2 passt genauer zur meiner Tätigkeit. Mini Frühstückspension unter 10 Betten
52219|Korrektur:
Die Haupttätigkeit ist: H52.21-9Erbringung von sonstigen Dienstleistungen für den Landverkehr a.n.g., weil der % Umsatzanteil 50 % beträgt. Die restl. Tätigkeiten bzw. Nebentätigkeiten sind ok.
55101|Hotel und Restaurant
55202|Ferienhäuser und Ferienwohnungen
55202|Ferienwohnung
56111|Pizzeria
56111|Restaurant-Cafe
56111|Gastgewerbe in der Betriebsart Restaurant - I 56.11-1
56111|Restaurant
55101|Beherbergung und Gastronomie
56111|Restaurant
55101|Hotelbetrieb sowie Import/export
56112|Buffets und Imbissstuben
55102|Frühstückspension , und Appartement Vermietung
56111|Gastronomie
56113|Cafehäuser
55102|Frühstückspension
55202|Ferienwohnung
56111|Restaurant
56111|Vermietung von Appartement Haus
56111|Speisen und Getränke Verkauf
55202|Wohnungen für den Urlaub (Ferienwohnungen, Appartements) - es trifft: "I 55.20-2" zu
55101|Hotel garni
55202|Ferienwohnung
49310|Schülertransporte
56112|Kebaprestaurant
56111|Gasthaus (nicht: Schwerpunkt Beherbergung)
55101|Hotel
56111|Restaurant
55101|Hotel
55101|Hotel garni
56112|Almbetrieb mit Auschank
56113|Getränkeausschank, kleine Speisen
55202|Fremdenzimmer, Privat-
55202|Sehr geehrte Damen und Herren! Seit 01.01.2025 vermiete ich nur noch Ferienwohnungen an wechselnde Gäste. Daher ist seither die ÖNACE Zuordnung 55.20-2 zutreffend. Ich bitte um eine entsprechende Anpassung. Vielen Dank! P. s.: Bis Ende 2024 war die Zuordnung 55.10-2 richtig.
56111|Gasthaus (nicht: Schwerpunkt Beherbergung)
56112|Jausenstation
56113|Café
55202|Gastohöfe und Pensionen Kategorie passt aber wir betreiben nur Ferienwohnungen ohne tägliche Reinigung und Bettenmachen; Reiningung erfogt nur nach der Abreise.

Keine wietere Nebentätigkeiten, nur Gastgewerbebetrieb mit Ferienwohnungen
55101|Hotel & Restaurant
56111|Restaurants und Gaststätten
56111|Betrieb einer Pizzeria 100%
56113|ABC-Lounge, Kaffee, Snacks, Veranstaltungen & Seminare
55202|Hallo, die beide tätigkeiten stimmen nur ist die vermietung ferienwohnungen gewerblich und als Haupttätigkeit. Hausmeiter ist nebentätigkeit. Vielen Dank.
56113|Cafe/Sport-Bar/Lounge, Getränkeausschank
55101|Hotel
56111|Restaurants und Gaststätten
55101|Hotel
56111|Gasthaus (nicht: Schwerpunkt Beherbergung)
56111|Gasthaus (nicht: Schwerpunkt Beherbergung)
55101|Beherbergung und Gastronomie
56111|Gasthaus
55102|Gastgewerbe in der Betriebsart Frühstückspension
56111|Gasthof (nicht: Schwerpunkt Beherbergung)
56111|Gasthof (nicht: Schwerpunkt Beherbergung)
56111|Restaurant-Cafe
55202|Haupttätigkeit Ferienwohnungen 55.20-2, Nebentätigkeit 68.20-9 richtig
56111|I 56.1 Restaurants, Gaststätten, Imbissstuben, Cafés, Eissalons u. ä.
56111|Heurigenbuffet
56111|Gastronomie
56112|Immbissstube
56111|Restaurant
51100|Testpiloten-Dienstleistungen für andere Unternehmen im EASA-Raum
56111|REstaurant - & kleine Beherbergung ( 2 Appartments)
55900|Haupttätigkeit: I 55.90-0
Nebentätigkeit: M 68.20-9
56111|Restaurant, Pizzeria und Bar
56111|Restaurant
55102|Gasthöfe und Pensionen
55102|gut bürgerliche Gasthaus
56111|Gasthof (nicht: Schwerpunkt Beherbergung)
56113|Inhaber Klimbim Café & Genuss
55102|Pension
55202|55.20-0  Ferienwohnungen und Ferienhäuser 
Wir vermieten möblierte Wohnungen und Apartments an Touristen und Kurzzeitgäste.
49410|Heben, Senken und Befördern von Lasten
55101|Hotel
56111|Restaurant
56111|Restaurant
55202|Appartements
55101|Hotel garni
55202|Vermietung von Ferienwohnungen
56111|Restaurant
55102|Gasthof & Pension
55101|Hotelpension, als Hotel geführt
56111|Essen und Trinken
56111|Gasthaus (nicht: Schwerpunkt Beherbergung)
55101|Hotel garni
56112|Verkauf und Zubereitung von Speisen und Getränke
56113|Cafe-Restaurant
56111|Restaurants und Gaststätten
56111|Restaurants und Gaststätten
55101|Hotel garni
56111|Restaurant
55202|Beide Kennzahlen treffen seit 01.12.2022 nicht mehr zu 55.10-1 Hotels und 52.32-0 Vermittlungstätigkeiten für die Personenbeförderung, denn diese Leistungen werden in dieser Form nicht mehr angeboten. Bitte beide löschen.
Wir ersuchen die Kennzahl auf 55.20-2 Ferienhäuser und Ferienwohnungen zu aktualisieren (keine tägliche Reinigung und kein Service).
56113|Cafe
55101|Hotel
55400|Vermittlungstätigkeiten für die Beherbergung
56111|Restaurant
55102|Gästebeherbergung
55202|Appartementvermietung
56111|Restaurant
56112|56.10-2
56112|Buffet
56112|Imbissstube
52250|Erbringung von Logistikdienstleistungen - ÖNACE-Code 52.25-0
56113|BEIDE Standorte: OENACE 2025: 56.11-3 (Cafehäuser)  Gastgewerbe in der Betriebsart: Cafe
55202|Bitte Ändern auf Klasse 55.20-2
56112|Verkauf von Getränken und Snacks
56111|Restaurant-Cafe
56113|Espresso
55102|Gänstebeherbergung
56111|Restaurant gültig seit 1999
55101|Hotel
55102|96.22-1 sowie 47.75-0 wird nicht mehr durchgeführt und ist bereits abgemeldet!
56112|Jausenstation
55101|Hotelpension, als Hotel geführt
56113|Verkauf von Kaffee, Getränken und Speisen
56111|Restaurant-Cafe
56111|Cafe-Restaurant
55101|Beherbergung - Vermietung Appartements
55202|Beherbergung - Vermietung Appartments
55101|Hotel
55102|12 Zimmer 
1 Ferienwohnung 
Frühstück
56113|Cafe
55202|Zuordnung ( Hotel ) falsch, haben nur Beherbergung ohne Kundenbetreuung.
55102|Mein Hauptberuf ist Koch bei der ISD, Technikerstraße 84 , 6020 Innsbruck
56112|Heurigenbuffet
55101|Aparthotel, Apartments
56112|Wir sind ein Ganzjahresheuriger mit Gastronomie,kalte und warme Küche,Catering,Einzelhandel
56111|Restaurant
56210|Speisen- und Getränkezubereitung für nicht gastgewerbliche Auftraggeber unter Verwendung der vom Auftraggeber bereitgestellten Einrichtungen und Zutaten
55102|Kein Tourismusbetrieb. Vermietung von Komfortzimmer mit DU / WC im Zi. an fast gleichbleibenden Bau-, und Montagefirmen für ihre Arbeiter die meist nur von Montag bis Donnerstag nächtigen. Bitte um Prüfung und Klassifizierung des ÖNACE Code
56113|Cafe
55101|Hotel und Restaurant
49320|Bus und Taxi
55102|Fremdenpension
55201|Gasthöfe mit Beherbergung ab 9 Gästebetten
52211|Vermietung von Parkflächen, kurzfristig
56112|Imbiss, Verkauf von thailändischen gerichten und getränken
55202|Ferienhaus
49410|Güterbeförderung im Straßenverkehr   Anteil 100%     Umsatzerlös 2024 ? 387.245,00
49410|Kleintransporte im Straßenverkehr (nicht: Umzugstransporte, Paketzusteller)
49410|Güterbeförderung auf der Straße, Frächterei
49410|Güterbeförderung auf der Straße, Frächterei
49330|Personenbeförderung mit pkw ( Taxi)
49410|Güterbeförderung auf der Straße, Frächterei
49410|Güterbeförderung im Straßenverkehr
49410|Transportlogistik
49410|Transportunternehmung mit Straßenfahrzeugen
49410|Güterbeförderung auf der Straße, Frächterei
49410|Transport von Lebensmittel und Palettenware für Speditionen innerhalb von Österreich.
52109|Dienstleistungen im Zusammenhang mit Bestandsaufnahme von Verkaufsware, Lagerware und Inventargegenständen in Gebäuden bzw. am Betriebsgelände und Inventuren bei Unternehmen über den gesamten Bestand
49410|Ich liefere Speisen im Auftrag von Plattformen wie Lieferando, Wolt und Foodora innerhalb einer Stadt (z.?B. Graz). Ich bin selbstständig tätig und übernehme Essenszustellungen im Stadtgebiet.
49410|Straßentransport von Gütern im Auftrag von Post- oder Kurierdiensten, ohne andere Post- oder Kuriertätigkeiten auszuüben
49410|Abfalltransporte, wobei der Abfall von Dritten gesammelt wurde
56112|Burgerimbiss
49410|Lagerhaltung
49410|Sammlung und Transport von tierischen Nebenprodukten
49410|Haupttätigkeit "Güterbeförderung im Straßenverkehr" bleibt gleich. Die Nebentätigkeit "Hausmeisterdienste" fällt weg. Die Nebentätigkeit "Personenbeförderung (Taxi)" bitte hinzufügen. Herzlichen Dank im Voraus.
49410|Transport National
49410|Transportgewerbe
49410|Betontransporte
49410|Güterbeförderung auf der Straße, Frächterei
56210|Catering
49410|Güterbeförderung auf der Straße, Frächterei
55202|55.20-2 Ferienwohnungen, Gewerbe seit 01.01.2023 angemeldet
53200|Zeitungszustellerin 100%
49420|Kleintransporte bis 3,5 To Höchstzulässiges Gesamtgewicht und Vermittlung von Kleintransporten
49410|Güterbeförderung im Straßenverkehr
53200|Paketzustellung
49410|Transport von Schotter
55202|Haupteinnahmen durch Urlaub am Bauernhof, Lamazucht bzw Lamatrekking der Pauschalierten Landwirtschaft
52250|ÖNACE-Code: H 52.25-0
Haupttätigkeiten: Transport von Büchern, Zeitungen, Bankpost, Apotheken, Krankenhäusern, Ärzten, Autoersatzteilen - es werden vorwiegend gewerbliche Kunden beliefert, Möbel und Wein werden vorwiegend an Privathaushalte zugestellt.
49320|Schülerbeförderung, KFZ-Reparaturwerkstätte, Fahrzeughandel, Vermietung
49410|Schütt- und Aushubtransport
55300|Camping
49410|Gütertransporte
49410|Transport
49410|Güterbeförderung auf der Straße, Frächterei
51210|Als Startup erzielen wir momentan noch keine Erlöse. Durch unser Hauptgeschäftsfeld - dem Warentransport per Transportdrohnen - würde ich uns eher unter ÖNACE Code H 51.21 "Güterbeförderung in der Luftfahrt" sehen.
49410|Kühlwagentransporte, Tankwagentransporte, Silotransporte, Materialtransporte
49410|Spedition - Transporte - Logistik - Werkstatt
49410|Güterbeförderung auf der Straße, Frächterei
49410|Transporte aller Art inkl. Sondertransporte u. Treibstofftransporte
49410|Güterbeförderung auf der Straße, Frächterei
55102|Gasthof, Schwerpunkt Beherbergung
49410|Güterbeförderung auf der Straße, Frächterei
49410|Transport von Rohmilch
49410|Güterbeförderung auf der Straße, Frächterei
49410|Straßentransport von Gütern im Auftrag von Post- oder Kurierdiensten, ohne andere Post- oder Kuriertätigkeiten auszuüben
49410|Arzneimittelbelieferung für Arzneimittelgroßhandel
49410|Güterbeförderung auf der Straße, Frächterei
53200|53.20-0 Sonstige Post-, Kurier- und Expressdienste
49410|Gütertransport
55202|Vermietung von Ferienwohnungen
49410|Beförderung von Gütern mit Kraftfahrzeugen im grenzüberschreitenden Verkehr
49410|Es werden Lebensmittel und Getränke an Endverbrauer und Firmen zugestellt.
49410|Erdbau/Baggerarbeiten, Transporte in diesem Zusammenhang
49410|Personenbeförderung: Transport von Schüler, Kindergartenkindern, Reisebus
49420|Klasifikation 49.42-0 trifft bei uns zu.
49410|Güterbeförderung auf der Straße, Frächterei
49410|Holztransporte auf der Straße, Frächterei
56300|Stadtcafe, Kaffeehaus, Bar
52109|Betrieb von Auslieferungslager für Kunden aus dem übrigen Gemeinschaftsgebiet oder aus Drittländern
Aufbewahrung von Waren Dritter, Ein- und Auslagerung, Umpacken, Kommissionieren
e-commerce-Fulfillment (kein Marktplatz, nur Lagerung pick/pack und Versand)
49410|Messebau, Übersiedelungen, Transporte,
49410|Güterbeförderung auf der Straße, Frächterei
49410|Beförderung von Gütern
49410|Transport und Logistik
49410|Spedition An und Verkauf von Transporte zu 60% Eigene LKW Transporte zu 40%
52250|Transportlogistik, Erbringung von Logistikdienstleistungen
49410|Transporte & Erdbau - mittels LKW mit Dreiseitenkipper und Kran, Baggerarbeiten (Aussenanlagen, Grabungsarbeiten Kanal, Strom, Wasser, div., Errichtung Steinmauern,.....)
Transporte mit LKW
49410|Beton und Kiestransport
49410|Lagerei
50300|Cafe
49420|Kleintransporte im Straßenverkehr, Umzugstransporte
56111|Der richtige Schwerpunkt liegt in der Gruppe "Restaurants und Gaststätten" mit dem ÖNACE Code I 56.10-1.
55101|Hotel
49410|Güterbeförderung im Straßenverkehr
55101|20% des Umsatzes: S 90.39-0 Erbringung von sonstigen Dienstleistungen für kunstschaffende Tätigkeiten und darstellende Künste
30% des Umsatzes: G 47.25 Einzelhandel mit Getränken
10% des Umsatzes: M 68.20-9 Sonstige Vermietung und Verpachtung von eigenen oder geleasten Grundstücken, Gebäuden und Wohnungen
40% des Umsatzes: Hotel Garni (self service)
49410|Transportunternehmung mit Straßenfahrzeugen
49410|Kleintransporte im Straßenverkehr,
56111|Vermittlungstätigkeiten, Gastronomie
49410|Güterbeförderung auf der Straße, Frächterei
49410|Taxiverkehr
53200|Wir sind nicht mehr mit Postsendungen tätig, sondern machen Expressdienste und Auslieferung von Elektromaterialien, elektronischen Baumaterialien und nebenbei Pflanzen-, Baum- und Möbellieferung.
49410|Güterbeförderung auf der Straße, Frächterei
55202|Vermietung von Apartments
49410|Schottertransporte, Asphalttransporte, Sand-und Gesteinstransporte
49410|Güterbeförderung auf der Straße, Frächterei
51100|Personenbeförderung in der Luftfahrt Abschnitt H Unterklasse 51.10-0
49410|Güterbeförderung im Straßenverkehr von Briefen als Fracht, für Dritte
49410|Güterbeförderung auf der Straße, Frächterei
49410|Güterbeförderung
52250|Transportlogistik
49330|Taxi
49330|Unsere Zuordnung in der Haupttätigkeit ist nicht korrekt. Laut Gewerbeschein betreiben wir ein "Personenbeförderungsgewerbe mit Pkw - Taxi". Bitte um Korrektur.
55202|Appartements
55202|Appartementvermietung
49330|Taxi + Omnibus, Schüler, Patienten
56111|Gasthof (nicht: Schwerpunkt Beherbergung)
55201|Jugendhotel zur Unterbringung von Schul- und Freizeitgruppen
55101|Hotel
49330|Personenbeförderung mit PKW
55202|2 Ferienwohnungen Kleinstunternehmer und Pensionist
49310|Sonstige Personenbeförderung auf Straßen
49330|Liebes Team,

Leider fuinktioniert das Login nicht welches Sie uns geschickt haben.

Jedenfalls sind wir ein Taxiunternehmen und ein Gewerbe für KFZ- Vermietung.

Mfg

56300|Getränkeausschank
49330|Behindertentransporte Im Rollstuhl sitzend
52213|Betrieb von Eisenbahninfrastruktur
56111|Restaurant
49310|Schulbustransport + Taxiverkehr
56111|Kleines Bistro/Café mit warmer Küche, Vinothek und Events zum Thema Wein.
55202|Vermietung von Gästezimmern und Ferienwohnungen
55202|Ferienwohnung
56120|mobile Gastronomie, siehe 56.12-0
52260|Speditionsdienstleistungen im Zusammenhang mit internationalen See- und Luftfracht Transporten
52310|Entwicklung, Vermittlung als Makler von Transporten, hauptsächlich im internationalen Seeverkehr und Seehandel, Vermittlung von Ladungen (Schüttgut), Schiffen und Transporten, Dienstleistungen und Beratung, hauptsächlich im Bereich Logistik, Seeverkehr und Seehandel.
55202|Gästehaus
55202|Vermietung von Ferienwohnungen
55202|Privatzimmervermietung einer Ferienwohnung am Hauptwohnsitz
55202|Vermietungstätigkeiten von Ferienhaus und Ferienwohnung
49330|HT =Taxi NTs Schulbus und Vermietung von KFZ
55101|HT = Hotel Garni, NTs Frühstückspension; Holzeinschlag
55101|Wir möchten Sie bitten, die Hauptklassifizierung mit unserer Tätigkeit 55.10-1 "Hotel" umzustellen.
55202|Vermietung von zwei Ferienwohnungen
55202|Zimmervermietung
55400|Reisebüro für Berufs- und Bildungsreisende (Firmen mieten Unterkünfte für deren Unterkünfte)
55101|Hotel, Gastronomie, Veranstaltungen, Seminare, Konferenzen
55202|Vermietung Zimmer und Apartments mit Frühstück
56120|Food Truck mit thailändischen Speisen
55900|Arbeiterwohnheim
56111|Pizza
49420|Haupttättigkeit: Umzugtransporte und Entrümpelungen - / nebentätigkeit ist die monatge von möbeln (keine Reperatur) und der Handel (flohmarkt z.B)
55102|Zimmer und Appartements
55900|Es werden ausschließlich Personalzimmer vermietet. Bitte auch gleich die Straße anpassen/ändern auf: Unterer Nederweg 2
49410|Transport mit LKW 4-Achser von losen Materialien wie Schotter, Aushub, Humus, etc.
52260|Spedition + Transportagenten
55202|Ferienhäuser und Ferienwohnungen
52310|Handelsvertretung im Bereich Transport- und Logistikdienstleistungen
49410|Transport von Kraftfahrzeugen auf eigener Achse
49320|Gewerbewortlaut: Personenbeförderung mit Fahrzeugen mit einer Bauartgeschwindigkeit unter 10 km/h! Am 02.11.2025 wurde das Gewerbe ruhend gemeldet!
55101|Hotelerie- und Gastgewerbe
56220|Catering
52260|Spedition (nicht: Güterbeförderung)
52230|Erbringung von sonstigen Dienstleistungen für die Luftfahrt
56300|Ausschank von Getränken
52109|Sonstige Lagerei
56111|Resaurant/Gaststätte/Beherbergung
55202|Betriebsart Appartement - nicht mehr
56113|Kaffeehaus
53200|Essenszustelung für Foodora(auto)
55202|Betrieb von Beherbergungsbetrieben die für weniger als ein Jahr zur Verfügung gestellt werden
56113|Cafehäuser und Ferienwohnung
56220|Lieferservice
49410|Lieferungen
55202|Ferienwohnung
56210|Event-Caterer
56113|Cafe
55202|Vermietung von Appartements
49410|Güterbeförderung auf der Straße, Frächterei
56112|Gastwirtschaft (nicht: Schwerpunkt Beherbergung)
49410|Güterverkehr
49410|Rundholztransporte!
56111|Ausschließlich Schutzhütte
49410|Transport von Lasten jeder Art mit Straßenfahrzeugen
49330|Sehr geehrte Damen und Herren,

ich habe die Klassifikationsmitteilung zur ÖNACE 2025 für mein Einzelunternehmen erhalten.

In der Mitteilung ist die Klassifikation 49.39-0 mit der Beschreibung ?Personenbeförderung im Straßenverkehr mit von Menschen oder Tieren gezogenen Fahrzeugen? angegeben.
Mein Unternehmen betreibt jedoch ein Taxiunternehmen.

Ich ersuche daher um Überprüfung und gegebenenfalls Korrektur der Klassifikation auf ?49.32 ? Betrieb von Taxis?. Ich habe zwei Taxis.

Liebe Grüße
56300|Bar
56113|Kaffeehaus Eissalon
53200|Transport von Paketen und Waren mit LKW im Inland.
56112|Ich habe im Jahr 2025 ein Badebuffet betrieben
56114|Herstellung und Verkauf von Speiseeis, Gastronomiebetrieb
56112|Imbissstube
49330|Personenbeförderung mit pkw taxi einzelunternehmen
49410|ESSENszustellung und lieferservice im strassenverkehr
56111|Berghütte (nicht: Schwerpunkt Beherbergung)
55202|Ferienwohnung
56112|Bistro/Imbiss
56111|Restaurant
56111|Restaurants und Gaststätten
53200|Meine Tätigkeit besteht ausschließlich in der Zustellung von Speisen (Lieferdienst/Kurier).
Ich transportiere fertige Bestellungen von Restaurants zu Kunden.
Ich bereite keine Speisen zu und betreibe kein Catering.
Der gesamte Umsatz stammt aus Transport- bzw. Lieferdiensten (100% Verkehr).
56113|Cafe
51100|Pilot für verschiedene Betreiber von Geschäftsreiseflugzeugen
56112|Verabreichung von Speisen und Getränken
55101|Seminarhotel
56111|Jausenstation waldhütte
49200|Güterverkehr
56111|Restaurant-Cafe
56210|Ausschank von Getränken
55202|vermietet nur mehr 2 Ferienwohnungen mit max. 10 Betten.
55202|kurzzeit Apartment Vermietung an Touristen, Geschäftlokal
56210|Herstellung von nicht haltbaren zubereiteten Nahrungsmitteln, z. B.:
Sandwiches
frische (ungekochte) Pizza
53200|Paketzustellung sowie Post-, Kurier- und Logistikdienstleistungen im Straßenverkehr mit Kraftfahrzeugen bis 3,5 t höchstzulässigem Gesamtgewicht.
56112|mobiler Eisverkäufer
49310| Betrieb von Schulbussen 49.31-0  

56112|Imbissgeschäft
56112|Döner Kebab Imbiss , kein offenes Büffets für Kunden , mit Sitzgelegenheit, Essen wird mitgenommen oder direkt vor Ort verzehrt,
